,Overall,Even Strength,Power Play,Shorthanded,,,,,,,,,,,,,,,,,
Name,Compare,Pos,Age,Team,GP,Total Dist.,Distance/60,Top Game,Top Period,Total Dist.,Distance/60,Top Game,Top Period,Total Dist.,Distance/60,Top Game,Top Period,Total Dist.,Distance/60,Top Game,Top Period
CONNOR MCDAVID,,C,29.4,EDM,82,330.27,10.51,4.91,1.85,266.54,10.65,4.4,1.84,48.49,9.83,1.36,0.8,15.23,10.55,0.64,0.42
QUINN HUGHES,,D,26.6,MIN,74,307.46,8.99,5.09,1.92,261.81,9.05,4.5,1.79,44.59,8.68,1.41,0.94,1.05,7.64,0.25,0.25
IVAN PROVOROV,,D,29.4,CBJ,82,299.86,8.84,4.59,1.7,256.55,9.08,4.12,1.67,15.07,9.99,0.8,0.51,28.24,6.82,0.95,0.56
MORITZ SEIDER,,D,25.2,DET,82,299.85,8.55,4.66,1.71,248.05,8.69,3.87,1.48,37.52,8.58,1.33,0.81,14.27,6.59,0.45,0.29
MATTHEW SCHAEFER,,D,18.7,NYI,82,298.6,8.85,4.75,1.8,250.21,9.03,4.26,1.72,38.79,8.57,1.04,0.57,9.61,6.44,0.56,0.35
JACKSON LACOMBE,,D,25.4,ANA,82,295.81,8.93,4.48,1.64,239.71,9.05,4.11,1.56,40.4,9.18,1.45,0.86,15.7,6.94,1.04,0.46
LANE HUTSON,,D,22.3,MTL,82,295.21,9.09,4.41,1.8,250.23,9.16,4.25,1.6,40.62,9.01,1.52,0.88,4.36,6.74,0.36,0.24
MACKLIN CELEBRINI,,C,20.0,S.J,82,293.72,10.08,4.7,1.72,243.28,10.19,3.96,1.47,47.8,9.55,1.31,0.81,2.64,10.37,0.43,0.41
KYLE CONNOR,,L,29.5,WPG,82,292.98,9.97,4.42,1.88,238.33,10.05,3.85,1.53,41.64,9.81,1.56,0.9,13.01,9.09,0.6,0.29
FILIP HRONEK,,D,28.6,VAN,82,292.32,8.55,4.36,1.59,246.4,8.68,4.14,1.59,24.12,9.12,0.79,0.52,21.8,6.97,0.66,0.36
MARK SCHEIFELE,,C,33.2,WPG,82,290.63,9.89,4.43,1.64,246.87,10.01,3.93,1.55,39.93,9.24,1.48,0.88,3.83,9.27,0.36,0.26
MARTIN NECAS,,R,27.4,COL,78,289.77,10.37,5.09,1.74,242.2,10.71,4.51,1.65,47.35,8.91,1.41,0.77,0.23,9.83,0.18,0.18
ZACH WERENSKI,,D,28.9,CBJ,75,289.11,8.69,4.96,1.88,245.9,8.8,4.33,1.87,32.66,8.61,1.07,0.77,10.55,6.89,0.52,0.39
TRAVIS SANHEIM,,D,30.2,PHI,81,284.76,8.71,4.52,1.6,242.42,8.99,3.81,1.57,13.5,9.09,1.16,0.55,28.84,6.77,0.83,0.5
EVAN BOUCHARD,,D,26.6,EDM,82,284.06,8.42,4.48,1.72,223.82,8.51,3.55,1.44,42.76,8.62,1.2,0.7,17.49,7.1,0.72,0.44
BROCK FABER,,D,23.8,MIN,80,283.59,8.62,4.46,1.61,248.74,8.8,4.24,1.61,13.95,9.75,0.79,0.74,20.9,6.54,1.04,0.41
NATHAN MACKINNON,,C,30.8,COL,80,283.36,9.55,4.89,1.64,234.59,9.82,4.3,1.43,48.15,8.41,1.59,0.81,0.63,10.14,0.23,0.23
KIRILL KAPRIZOV,,L,29.1,MIN,78,282.53,9.81,4.43,1.68,236.33,10.03,4.23,1.55,45.63,8.81,1.46,0.8,0,0,0.24,0.24
JOSH MORRISSEY,,D,31.2,WPG,77,282.27,8.9,4.65,1.75,240.36,8.97,4.5,1.68,34.91,8.75,1.2,0.78,7,7.38,0.45,0.31
RASMUS DAHLIN,,D,26.1,BUF,77,277.27,8.93,4.31,1.76,230.53,9.02,3.87,1.45,38.96,8.75,1.04,0.65,7.78,7.57,0.43,0.27
MATHEW BARZAL,,C,29.0,NYI,81,274.34,9.84,4.32,2.05,233.51,10.08,3.93,2.05,40.49,8.65,1.16,0.64,0.34,8.84,0.03,0.03
CALE MAKAR,,D,27.6,COL,75,272.67,8.78,4.55,1.67,210.19,8.99,3.97,1.52,45.04,8.62,1.53,0.77,17.44,7.13,0.68,0.45
RASMUS ANDERSSON,,D,29.6,VGK,81,271.68,8.67,4.24,1.6,226.46,8.84,4.2,1.59,24.13,9,0.97,0.53,21.08,6.96,0.86,0.47
NICK SUZUKI,,C,26.8,MTL,82,271.61,9.55,4.19,1.59,222.76,9.83,3.7,1.42,40.57,8.38,1.53,0.78,8.28,8.59,0.67,0.33
MIKA ZIBANEJAD,,C,33.1,NYR,81,269.64,9.56,4.11,1.57,210.43,9.95,3.28,1.35,36.47,8.24,0.94,0.75,22.74,8.62,0.79,0.53
MIRO HEISKANEN,,D,26.9,DAL,77,269,8.23,4.62,1.68,204.43,8.42,3.45,1.24,38.63,8.72,1.06,0.73,25.94,6.51,0.79,0.51
QUINTON BYFIELD,,C,23.8,L.A,79,267.99,10.16,4.22,1.77,217.17,10.37,3.65,1.44,27.22,9.43,1.08,0.91,23.6,9.3,0.76,0.47
MATTY BENIERS,,C,23.6,SEA,82,267.67,10.16,4.05,1.58,233.26,10.61,3.8,1.45,28.38,7.82,0.94,0.48,6.03,8.15,0.36,0.27
PHILIP BROBERG,,D,24.9,STL,81,266.94,8.47,4.43,1.68,230.18,8.69,4.22,1.58,15.15,9.19,0.8,0.51,21.61,6.36,0.77,0.55
WYATT JOHNSTON,,C,23.1,DAL,82,266.03,9.67,4.31,1.49,217.54,9.88,3.52,1.49,42.15,8.77,1.08,0.73,6.34,9.29,0.52,0.27
RYAN O'REILLY,,C,35.3,NSH,81,265.77,9.65,3.92,1.55,208.75,9.92,3.48,1.42,34.7,8.96,0.98,0.63,22.32,8.53,0.84,0.64
JAKOB CHYCHRUN,,D,28.2,WSH,80,264.38,8.5,4.14,1.68,225.82,8.5,3.82,1.45,34.76,8.64,1.04,0.71,3.79,7.24,0.26,0.24
NICK SCHMALTZ,,C,30.3,UTA,82,264.28,9.8,4.03,1.55,208.29,10.1,3.32,1.44,37.76,8.72,1.03,0.54,18.22,9.05,0.67,0.39
BOWEN BYRAM,,D,25.0,BUF,82,263.93,8.64,4.05,1.5,230.56,8.82,3.57,1.45,18.99,8.69,0.76,0.48,14.39,6.49,0.44,0.38
VLADISLAV GAVRIKOV,,D,30.5,NYR,82,263.44,8.12,3.92,1.57,227.32,8.29,3.83,1.32,12.62,9,0.78,0.73,23.5,6.53,0.85,0.44
BROCK NELSON,,C,34.6,COL,81,263.38,9.93,4.18,1.54,206.6,10.54,3.59,1.39,34.39,7.78,1.05,0.62,22.39,8.94,0.66,0.48
MIKE MATHESON,,D,32.3,MTL,78,261.76,8.33,4.26,1.47,225.09,8.68,3.99,1.47,3.82,10.44,0.23,0.17,32.85,6.42,1.14,0.56
RYAN MCLEOD,,C,26.7,BUF,81,261.66,11.01,4.24,1.5,206.86,11.27,3.39,1.36,22.37,10.45,0.76,0.5,32.42,9.87,1.07,0.66
TIM STUTZLE,,C,24.4,OTT,80,261.36,9.67,4.29,1.83,198.52,9.96,3.77,1.39,43.05,9.34,1.45,0.98,19.79,7.99,0.6,0.42
CAM FOWLER,,D,34.5,STL,82,260.24,9.03,4.06,1.57,228.7,9.14,3.77,1.43,21.17,9.67,0.93,0.68,10.36,6.45,0.64,0.42
MACKENZIE WEEGAR,,D,32.4,UTA,79,258.87,8.75,4.39,1.54,219.65,8.88,3.68,1.36,22.74,8.78,1.03,0.55,16.48,7.3,0.66,0.42
ARTEMI PANARIN,,L,34.6,L.A,78,258.33,9.53,3.9,1.53,225.37,9.92,3.65,1.51,32.88,7.5,1.12,0.78,0,0,0.05,0.05
MIKHAIL SERGACHEV,,D,27.9,UTA,78,257.34,8.15,3.84,1.47,198.52,8.37,3.64,1.42,33.85,8.21,0.94,0.52,24.96,6.69,0.79,0.49
JACK EICHEL,,C,29.6,VGK,74,257.04,9.83,4.66,1.59,205.33,10.27,3.94,1.56,37.58,8.38,1.56,0.75,14.13,8.5,0.63,0.31
JASON ROBERTSON,,L,26.9,DAL,82,257.01,9.29,4.01,1.47,216.34,9.68,3.51,1.37,40.37,7.63,1.03,0.69,0.31,8.87,0.08,0.08
JESPER BRATT,,L,27.8,N.J,82,256.75,10.01,3.92,1.48,211.49,10.29,3.15,1.38,35.64,8.84,1.1,0.7,9.62,9,0.43,0.25
ADAM FANTILLI,,C,21.6,CBJ,82,256.62,9.93,4.16,1.47,222.8,10.09,3.6,1.38,32.17,9.04,1.08,0.62,1.66,8.84,0.27,0.27
OWEN POWER,,D,23.5,BUF,81,255.55,8.74,3.84,1.5,226.72,8.91,3.53,1.45,11.56,9.2,0.66,0.52,17.28,6.85,0.65,0.36
CHARLIE MCAVOY,,D,28.5,BOS,69,255.48,9.11,4.53,1.72,200.18,9.4,4.01,1.48,32.27,9.15,0.99,0.67,23.03,7.14,0.88,0.41
JACOB TROUBA,,D,32.3,ANA,81,254.41,8.26,3.91,1.49,217.69,8.46,3.71,1.49,8.05,8.74,0.39,0.32,28.67,6.89,1.02,0.45
JAKE MCCABE,,D,32.6,TOR,80,253.16,8.47,3.96,1.52,224.44,8.72,3.92,1.52,3.32,8.24,0.32,0.18,25.4,6.79,0.79,0.5
MITCH MARNER,,R,29.1,VGK,81,252.73,9.38,4,1.52,199.25,9.77,3.46,1.47,38.27,7.88,1.44,0.72,15.21,9.03,0.62,0.39
JAKE GUENTZEL,,L,31.7,T.B,81,252.15,9.23,4.24,1.67,198.63,9.91,3.36,1.42,37.79,6.89,1.3,0.64,15.73,8.71,1.1,0.66
ALEX DEBRINCAT,,L,28.5,DET,82,252.12,9.97,3.94,1.43,213.44,10.31,3.28,1.38,38.22,8.41,1.07,0.63,0.46,9.94,0.05,0.04
ADRIAN KEMPE,,R,29.7,L.A,81,252.09,9.67,4.32,1.75,211.54,9.98,3.6,1.56,33.75,8.15,0.98,0.78,6.81,9.31,0.46,0.28
SEBASTIAN AHO,,C,28.9,CAR,79,251.72,9.75,3.98,1.46,192.77,9.92,3.39,1.35,36.55,8.79,1.06,0.71,22.4,10.05,0.74,0.45
BRADY SKJEI,,D,32.2,NSH,82,251.43,8.14,3.89,1.57,211.79,8.32,3.76,1.57,13.44,8.77,0.62,0.48,26.21,6.7,0.94,0.61
NICO HISCHIER,,C,27.4,N.J,82,251.36,8.88,3.83,1.42,204.75,9.44,3.48,1.33,28.53,6.86,0.98,0.82,18.09,7.3,0.58,0.44
SEAN WALKER,,D,31.6,CAR,81,250.56,8.51,3.81,1.43,221.81,8.59,3.61,1.36,9,8.84,0.6,0.43,19.76,7.61,0.92,0.43
VINCE DUNN,,D,29.6,SEA,81,248.29,8.49,3.88,1.41,216.45,8.51,3.67,1.36,31.03,8.36,0.91,0.52,0.81,7.86,0.16,0.16
MATTIAS SAMUELSSON,,D,26.2,BUF,78,247.82,8.35,4.06,1.44,222.7,8.63,3.9,1.41,0.65,9.64,0.14,0.12,24.47,6.45,0.74,0.47
DAVID PASTRNAK,,R,30.0,BOS,77,247.75,9.35,4.26,1.64,211.26,9.7,3.46,1.53,36.01,7.7,1.2,0.71,0.48,9.28,0.1,0.1
CHANDLER STEPHENSON,,C,32.1,SEA,80,246.31,9.53,3.99,1.52,197.82,9.98,3.65,1.39,30.92,8.65,0.94,0.5,17.57,7.19,0.5,0.47
FILIP FORSBERG,,L,31.8,NSH,82,246.15,9.54,3.69,1.49,214.46,9.9,3.55,1.28,31.58,7.62,0.92,0.58,0.11,7.43,0.06,0.06
KIRILL MARCHENKO,,L,25.9,CBJ,76,246.01,10.25,4.22,1.62,209.86,10.44,3.67,1.4,35.39,9.26,1.14,0.67,0.76,10.68,0.27,0.27
ROMAN JOSI,,D,36.0,NSH,68,245.41,8.7,4.4,1.77,203.42,8.79,4,1.63,31.93,8.62,0.99,0.64,10.06,7.44,0.44,0.36
NIKITA KUCHEROV,,R,33.0,T.B,77,244.04,9.47,4.53,1.74,201.73,9.91,3.61,1.49,41.98,7.81,1.19,0.84,0,0,0.06,0.06
CLAYTON KELLER,,L,27.8,UTA,82,243.39,9.33,3.87,1.59,206.3,9.56,3.37,1.41,36.98,8.23,1.04,0.51,0.11,7.65,0.02,0.02
TREVOR ZEGRAS,,C,25.2,PHI,81,243.33,9.63,3.89,1.44,207.54,9.79,3.41,1.27,35.44,8.79,1.6,0.66,0.35,9.15,0.05,0.05
GUSTAV FORSLING,,D,30.0,FLA,80,243.06,8.06,4.03,1.53,209.87,8.29,3.74,1.36,6.73,8.52,0.5,0.3,26.46,6.49,0.81,0.55
DYLAN LARKIN,,C,29.8,DET,74,242.99,9.76,4.04,1.52,193.66,10.2,3.42,1.26,34,8.44,1.27,0.9,15.33,8.17,0.55,0.42
NOAH DOBSON,,D,26.4,MTL,80,242.8,8.1,3.81,1.47,208.47,8.25,3.69,1.39,17.15,8.48,0.76,0.41,17.19,6.37,0.56,0.31
MATTIAS EKHOLM,,D,36.0,EDM,82,242.68,8.62,3.59,1.38,219.77,8.76,3.37,1.38,5.74,8.35,0.26,0.26,17.17,7.25,0.75,0.43
CHRISTIAN DVORAK,,C,30.3,PHI,80,242.32,9.85,3.78,1.49,201.9,10.22,3.24,1.24,17.07,7.65,1.27,0.58,23.35,8.88,0.75,0.53
J.J. MOSER,,D,26.0,T.B,79,242.15,8.53,3.89,1.46,217.97,8.75,3.61,1.46,0.91,8.61,0.15,0.14,23.27,6.86,1.03,0.57
MORGAN RIELLY,,D,32.2,TOR,78,241.32,8.78,3.9,1.41,208.55,8.84,3.57,1.35,26.6,8.95,0.84,0.61,6.18,6.76,0.29,0.22
DREW DOUGHTY,,D,36.5,L.A,72,240.8,8.69,4.16,1.57,211.51,8.76,3.88,1.57,17.57,8.72,0.82,0.48,11.72,7.65,0.7,0.43
LEO CARLSSON,,C,21.4,ANA,70,240.71,10.77,4.52,1.63,190.31,11.02,3.81,1.39,40.22,9.96,1.23,0.79,10.17,9.9,1.08,0.54
TAGE THOMPSON,,C,28.6,BUF,81,240.71,9.27,3.74,1.33,203.4,9.6,3.45,1.33,36.62,7.74,1.02,0.58,0.69,10.08,0.11,0.11
ESA LINDELL,,D,32.0,DAL,82,240.52,7.57,3.86,1.37,200.13,7.9,3.54,1.23,7.54,7.3,0.33,0.27,32.84,6.11,0.9,0.49
BEN CHIAROT,,D,35.1,DET,82,240.47,8.44,3.75,1.36,224.29,8.66,3.63,1.32,1.13,7.73,0.08,0.08,15.05,6.17,0.54,0.38
DAWSON MERCER,,R,24.6,N.J,82,239.85,9.63,4.08,1.36,200.04,9.78,3.78,1.36,19.2,8.75,0.91,0.55,20.61,9.14,0.63,0.49
DARNELL NURSE,,D,31.3,EDM,82,239.74,8.36,3.54,1.39,223.19,8.49,3.47,1.39,2.68,8.29,0.23,0.22,13.87,6.79,0.5,0.31
SAM BENNETT,,C,30.0,FLA,76,239.62,10.23,4.07,1.52,192.64,10.58,3.71,1.38,36.66,8.9,1.38,0.82,10.31,9.46,0.65,0.37
ADAM LARSSON,,D,33.6,SEA,82,239.55,8.2,3.86,1.43,217.24,8.47,3.58,1.43,1.01,11.88,0.2,0.2,21.3,6.14,0.64,0.43
LUCAS RAYMOND,,R,24.2,DET,80,239.1,9.54,3.71,1.54,201.71,9.87,3.35,1.34,35.03,8.09,1.18,0.83,2.36,8.14,0.21,0.21
BRANDT CLARKE,,D,23.3,L.A,82,238.93,8.83,3.78,1.6,210.44,8.81,3.36,1.49,28.08,8.97,0.93,0.75,0.41,10.13,0.18,0.18
MATT BOLDY,,L,25.2,MIN,76,238.7,9.16,3.82,1.54,180.7,9.51,3.35,1.23,42.16,8.63,1.4,0.77,15.83,7.31,0.47,0.37
COLE CAUFIELD,,L,25.4,MTL,81,238.62,9.72,3.77,1.44,201.07,10.06,3.4,1.39,37.44,8.22,1.52,0.8,0,0,0.03,0.03
DMITRY ORLOV,,D,34.9,S.J,82,238.62,8.24,3.83,1.39,203.35,8.29,3.29,1.34,28.61,8.46,0.89,0.66,6.67,6.24,0.36,0.27
DOUGIE HAMILTON,,D,33.0,N.J,77,238.27,8.62,4.12,1.59,202.04,8.74,3.53,1.29,22.93,8.62,1.01,0.67,13.3,7.17,0.58,0.37
ERIK KARLSSON,,D,36.0,PIT,75,237.91,8.06,4.29,1.45,189,8.22,3.31,1.41,34.41,8.23,1.22,0.58,14.5,6.2,0.63,0.44
MARCUS PETTERSSON,,D,30.1,VAN,82,237.9,8.11,4.16,1.42,212.39,8.34,3.95,1.33,1.21,9.43,0.12,0.12,24.3,6.55,0.74,0.5
MIKAEL BACKLUND,,C,37.2,CGY,82,237.84,9.7,3.5,1.39,199.22,10.11,3.06,1.25,11.36,7.67,0.68,0.43,27.26,8.14,0.83,0.53
NAZEM KADRI,,C,35.7,COL,77,237.78,9.73,4.05,1.43,207.11,10.26,3.6,1.43,30.08,7.21,0.99,0.5,0.59,9.08,0.07,0.06
ALEX VLASIC,,D,25.0,CHI,81,237.39,8.32,3.7,1.36,210.9,8.58,3.39,1.36,1.05,10.65,0.2,0.16,25.44,6.61,1.06,0.46
DYLAN STROME,,C,29.2,WSH,80,237.33,9.87,4.03,1.67,199.15,10.05,3.59,1.39,37.48,9.01,1.12,0.75,0.7,8.87,0.26,0.26
SHEA THEODORE,,D,30.8,VGK,70,237.29,8.91,4.32,1.7,209.62,8.99,3.74,1.56,15.13,9.41,0.89,0.64,12.54,7.27,0.57,0.34
NIKITA ZADOROV,,D,31.1,BOS,81,237.28,8.42,3.7,1.41,211.61,8.63,3.24,1.41,0.91,8.64,0.12,0.12,24.76,6.93,0.79,0.44
JUSTIN FAULK,,D,34.2,DET,78,237.22,8.29,3.74,1.44,203.18,8.41,3.56,1.37,22.09,8.76,0.61,0.43,11.94,6.15,0.64,0.34
JORDAN EBERLE,,R,36.1,SEA,80,236.11,9.58,3.59,1.4,206.29,9.84,3.35,1.23,28.99,8.09,0.99,0.47,0.83,9.72,0.14,0.14
COLTON PARAYKO,,D,33.1,STL,77,235.79,8.28,3.88,1.46,213.5,8.53,3.76,1.45,2.29,8.5,0.26,0.26,20,6.3,0.73,0.46
KEVIN BAHL,,D,25.9,CGY,76,235.73,8.48,3.82,1.42,210.13,8.69,3.48,1.31,3.06,9.08,0.64,0.37,22.53,6.88,0.84,0.51
JURAJ SLAFKOVSKY,,R,22.2,MTL,82,235.62,9.3,3.66,1.5,200.73,9.65,3.09,1.38,34.66,7.7,1.31,0.77,0.23,8.83,0.05,0.03
JAMIE DRYSDALE,,D,24.2,PHI,78,235.29,8.4,3.75,1.48,207.75,8.36,3.42,1.33,26.38,8.78,0.89,0.59,1.17,6.47,0.16,0.14
CONNOR BEDARD,,C,20.9,CHI,69,234.97,9.79,4.17,1.54,197.03,9.87,3.65,1.54,37.59,9.36,1.13,0.74,0,0,0.12,0.12
PAVEL BUCHNEVICH,,L,31.1,STL,81,234.84,9.7,3.53,1.33,186.19,9.95,3.2,1.31,29.28,9.08,0.91,0.58,19.38,8.48,0.78,0.51
NOAH HANIFIN,,D,29.4,VGK,71,234.71,8.78,4.53,1.92,213.29,8.93,4.37,1.79,8.62,9.13,0.84,0.72,12.79,6.69,0.52,0.36
LUKE HUGHES,,D,22.7,N.J,68,234.63,9,4.45,1.67,203.66,9.1,3.89,1.67,21.02,9.18,0.97,0.65,9.95,7.03,0.54,0.34
OLIVER EKMAN-LARSSON,,D,34.9,TOR,78,234.58,8.76,4.2,1.52,210.93,8.78,4.2,1.5,21.18,8.88,1.03,0.48,2.46,6.62,0.3,0.23
ADAM PELECH,,D,31.8,NYI,82,234.46,8.21,3.64,1.34,209.82,8.41,3.48,1.22,1.77,8.73,0.11,0.08,22.87,6.75,0.64,0.49
THOMAS HARLEY,,D,24.8,DAL,70,234.4,8.71,4.53,1.72,206.21,8.82,4.1,1.59,17.07,8.95,0.8,0.54,11.12,6.95,0.55,0.31
ALEX TUCH,,R,30.1,BUF,79,234.29,9.37,3.81,1.36,193.09,9.85,3.33,1.32,16.21,7.36,0.64,0.46,24.99,7.8,0.79,0.44
BECKETT SENNECKE,,R,20.3,ANA,82,234.25,9.83,4.13,1.56,204.41,9.93,3.8,1.56,29.39,9.15,1.26,0.77,0.46,8.87,0.08,0.08
ALEX LAFERRIERE,,R,24.6,L.A,82,234.13,9.36,3.89,1.51,195.32,9.55,3.33,1.28,20.43,8.85,0.98,0.61,18.38,8.12,0.61,0.52
K'ANDRE MILLER,,D,26.4,CAR,72,233.82,8.7,4.04,1.52,206.01,8.8,3.7,1.52,11.08,9.38,0.71,0.55,16.73,7.36,0.7,0.4
CAM YORK,,D,25.4,PHI,74,233.71,8.41,4.08,1.46,192.95,8.63,3.3,1.3,18.08,8.87,1.39,0.64,22.68,6.68,0.9,0.39
GABRIEL VILARDI,,R,26.8,WPG,82,232.38,9.07,3.66,1.46,201.18,9.42,3.13,1.24,30.78,7.32,1.09,0.65,0.41,10.46,0.13,0.1
JAKE SANDERSON,,D,23.9,OTT,67,232.24,8.37,4.53,1.67,178.92,8.6,3.39,1.41,31.49,8.66,1.24,0.8,21.83,6.62,0.83,0.4
KRIS LETANG,,D,39.1,PIT,74,232.12,8.68,3.95,1.52,204.9,8.75,3.59,1.49,17.24,8.98,0.67,0.42,9.98,7.17,0.51,0.37
TIMO MEIER,,L,29.7,N.J,77,231.94,9.76,3.94,1.47,209.27,9.96,3.9,1.47,20.97,8.17,1.1,0.58,1.69,8.98,0.17,0.17
ALEXANDER WENNBERG,,C,31.7,S.J,80,231.52,8.49,4.01,1.44,182.21,9.14,3.42,1.24,29.17,6.53,0.77,0.49,20.14,7.03,0.78,0.42
MARIO FERRARO,,D,27.7,S.J,82,231.44,8.05,3.31,1.37,202.98,8.44,3.14,1.29,0.69,9.4,0.1,0.1,27.77,6.01,0.91,0.57
ALEXIS LAFRENIERE,,R,24.6,NYR,82,231.32,9.62,3.44,1.38,203.42,9.82,3.22,1.38,27.68,8.37,0.98,0.58,0.22,8.98,0.05,0.05
DYLAN DEMELO,,D,33.1,WPG,82,229.94,7.84,3.34,1.28,209.47,8.04,3.27,1.23,1.27,7.72,0.12,0.08,19.19,6.18,0.82,0.37
WILLIAM EKLUND,,L,23.6,S.J,78,229.53,9.52,3.95,1.62,192.37,9.73,3.53,1.29,32.26,8.53,1.09,0.66,4.9,8.94,0.46,0.35
JACK HUGHES,,C,25.1,N.J,61,229.15,10.57,4.6,1.78,195.34,10.69,4.31,1.71,29.61,9.89,1.4,1,4.2,10.34,0.43,0.22
YANNI GOURDE,,C,34.5,T.B,82,228.95,10.24,3.41,1.33,199.11,10.31,3.21,1.27,2.01,8.01,0.18,0.16,27.83,9.95,0.87,0.62
JOHN TAVARES,,C,35.7,TOR,82,228.57,9.2,3.76,1.35,202.03,9.57,3.23,1.35,26.24,7.08,0.9,0.44,0,0,0.08,0.06
AARON EKBLAD,,D,30.3,FLA,72,228.49,8.47,4,1.54,181.85,8.67,3.83,1.36,22.12,8.51,1.02,0.47,24.53,7.19,0.87,0.52
CHARLIE COYLE,,C,34.3,CBJ,82,228.1,9.22,3.54,1.31,186.12,9.73,2.95,1.25,19.46,7.05,0.77,0.47,22.52,7.93,0.77,0.45
TRAVIS KONECNY,,R,29.2,PHI,77,226.94,9.26,3.65,1.44,188.85,9.55,3.1,1.27,28.33,7.84,1.47,0.62,9.76,8.75,0.47,0.29
BRADEN SCHNEIDER,,D,24.7,NYR,82,226.74,8.12,3.32,1.35,200.27,8.3,3.2,1.26,4.6,9.16,0.3,0.3,21.87,6.61,0.86,0.49
BRETT KULAK,,D,32.4,COL,83,226.56,8.64,4.01,1.32,211.95,8.76,3.42,1.32,2.08,11.66,0.52,0.28,12.53,6.72,0.48,0.29
ARTEM ZUB,,D,30.7,OTT,81,226.1,8.05,3.6,1.41,199.73,8.29,3.2,1.27,1.19,8.16,0.13,0.09,25.18,6.59,0.87,0.47
JACKSON BLAKE,,R,22.8,CAR,81,226.04,10.15,4.1,1.49,199.41,10.33,3.84,1.36,26.31,9.01,1.4,0.94,0.32,7.69,0.06,0.04
JARED SPURGEON,,D,36.5,MIN,79,225.81,8.75,4.09,1.7,192.71,8.94,3.34,1.38,17.63,8.99,0.81,0.68,15.48,6.8,0.55,0.4
OWEN TIPPETT,,L,27.3,PHI,81,225.58,9.92,3.68,1.58,192.19,10.02,3.24,1.27,27.84,9.3,1.1,0.52,5.55,9.68,0.43,0.42
CARTER VERHAEGHE,,L,30.8,FLA,77,224.07,9.91,3.7,1.55,194.33,10.18,3.48,1.44,29.07,8.45,1.27,0.71,0.67,9.93,0.19,0.19
BRENT BURNS,,D,41.2,COL,82,223.91,8.68,3.55,1.3,193.95,8.88,3.13,1.2,8.62,9.33,0.58,0.44,21.34,7.06,0.64,0.48
MIKEY ANDERSON,,D,27.0,L.A,80,223.32,8.14,3.4,1.35,200.59,8.26,3.4,1.35,0.81,8.77,0.14,0.09,21.92,7.19,0.68,0.39
STEVEN STAMKOS,,L,36.3,NSH,82,222.88,9.15,3.37,1.34,195.26,9.78,3.21,1.19,27.4,6.28,0.81,0.54,0.22,6.22,0.1,0.1
BO HORVAT,,C,31.2,NYI,68,222.82,9.47,3.97,1.63,172.57,10,3.29,1.37,30.41,7.52,1.02,0.52,19.84,8.92,0.71,0.5
NATE SCHMIDT,,D,34.9,UTA,82,222.74,8.27,3.5,1.32,196.8,8.43,3.09,1.25,7.33,8.89,0.63,0.46,18.6,6.78,0.66,0.41
DARREN RADDYSH,,D,30.3,TOR,73,222.41,8.06,3.83,1.44,179.7,8.13,3.51,1.35,35.72,7.83,1.27,0.75,7,7.36,0.87,0.52
NIKOLAJ EHLERS,,L,30.3,CAR,82,221.81,9.78,3.43,1.43,186.91,10,2.98,1.2,34.73,8.75,1.08,0.71,0.17,11.23,0.06,0.06
ERIK HAULA,,C,35.2,NSH,81,220.63,9.8,3.67,1.36,180.02,10.1,2.97,1.12,19.33,9.63,0.88,0.52,21.29,7.93,0.96,0.67
VALERI NICHUSHKIN,,R,31.3,COL,72,220.6,10.37,4.07,1.68,181.15,10.7,3.63,1.47,19.84,8.65,1.04,0.64,19.61,9.61,0.74,0.51
SIMON EDVINSSON,,D,23.3,DET,72,220.31,8.21,3.84,1.51,206.45,8.38,3.64,1.44,2.39,8.35,0.35,0.22,11.47,6.02,0.44,0.28
MATT ROY,,D,31.3,WSH,79,220.23,8.12,3.43,1.3,196.76,8.34,3.11,1.18,1.27,7.77,0.12,0.11,22.2,6.59,0.68,0.38
PARKER WOTHERSPOON,,D,28.8,PIT,80,220.23,8.19,3.23,1.42,199.74,8.43,3.13,1.42,0.54,8.36,0.16,0.16,19.95,6.34,0.71,0.47
JOHN CARLSON,,D,36.4,ANA,71,219.67,8.02,3.92,1.47,175.73,8.2,3.34,1.38,26.4,8.18,0.93,0.62,17.54,6.37,0.72,0.37
DRAKE BATHERSON,,R,28.1,OTT,79,219.59,9.61,3.72,1.56,181.57,9.75,3.25,1.27,37.79,8.96,1.33,0.66,0,0,0.15,0.15
PAVEL DOROFEYEV,,R,25.6,VGK,82,219.57,9.13,3.48,1.33,183.93,9.51,3.25,1.24,35.61,7.57,1.37,0.65,0.03,6.12,0.01,0.01
BRYAN RUST,,R,34.1,PIT,72,219.53,9.17,3.69,1.34,174.07,9.67,3.2,1.26,29.72,7.39,1.1,0.61,15.74,8.23,0.71,0.57
MATTHEW KNIES,,L,23.6,TOR,79,219.07,8.85,3.41,1.44,182.45,9.25,3.04,1.19,24.8,7,1.03,0.46,11.82,7.98,0.64,0.41
ZACH WHITECLOUD,,D,29.5,CGY,78,219.01,8.29,4.07,1.5,199.24,8.52,3.61,1.5,0.64,6.78,0.11,0.1,19.13,6.55,0.8,0.48
RYAN PULOCK,,D,31.7,NYI,76,218.95,8.3,3.9,1.29,196.19,8.62,3.51,1.2,1.33,8.05,0.12,0.12,21.43,6.23,0.57,0.53
ELIAS PETTERSSON,,C,27.6,VAN,74,218.82,9.36,3.71,1.54,175.36,9.6,3.32,1.28,33.79,8.53,1.14,0.82,9.68,8.4,0.55,0.29
VINCENT TROCHECK,,C,32.9,NYR,67,218.77,9.53,4.03,1.53,171.03,9.89,3.49,1.31,29.41,8.57,1.07,0.68,18.33,8.21,0.7,0.41
CUTTER GAUTHIER,,R,22.4,ANA,76,218.77,10.01,3.67,1.32,183.21,10.23,3.22,1.26,31.9,8.99,1.2,0.67,3.67,9.28,0.4,0.27
CONNOR BROWN,,R,32.4,N.J,75,218.39,9.95,3.93,1.54,180.77,10.18,3.35,1.42,15.79,8.5,0.98,0.74,21.82,9.41,0.73,0.48
BRANDON MONTOUR,,D,32.1,SEA,64,217.96,9.06,4.48,1.78,197.07,9.12,4.06,1.78,17.74,8.69,0.77,0.51,3.15,7.76,0.25,0.25
DYLAN COZENS,,C,25.3,OTT,82,217.76,9.35,3.84,1.6,185.24,9.84,3.44,1.29,31.42,7.22,0.97,0.68,1.1,9.54,0.2,0.2
TOM WILSON,,R,32.2,WSH,72,217.7,9.32,3.98,1.54,169.01,9.71,3.21,1.47,27.2,7.96,0.9,0.59,21.49,8.5,0.73,0.45
JAKE DEBRUSK,,L,29.6,VAN,81,217.17,9.54,4.08,1.33,177.58,10.08,3.27,1.1,30.62,7.33,0.91,0.65,8.97,9.19,0.4,0.22
MORGAN GEEKIE,,R,27.9,BOS,81,217.13,9.24,3.63,1.52,185.23,9.52,3.01,1.15,31.87,7.9,1.01,0.62,0.04,9.58,0.03,0.03
TONY DEANGELO,,D,30.6,NYI,76,217.1,8.95,3.65,1.46,197.89,8.94,3.39,1.46,18.6,9.19,0.67,0.42,0.61,7.9,0.18,0.09
RYAN GREENE,,L,22.6,CHI,81,217.01,9.6,3.54,1.35,181.13,9.75,3.22,1.17,16.08,9.19,0.58,0.46,19.8,8.69,0.87,0.48
ZEEV BUIUM,,D,20.5,VAN,76,216.72,8.74,3.73,1.46,189.71,8.69,3.51,1.39,26.7,9.17,1.39,0.64,0.31,6.53,0.05,0.05
DYLAN GUENTHER,,R,23.2,UTA,79,216.67,9.46,3.7,1.37,183.14,10.02,3.32,1.31,30.42,7.11,0.85,0.49,3.11,8.79,0.59,0.53
EMIL HEINEMAN,,R,24.5,NYI,82,216.63,9.54,3.67,1.28,191.35,9.78,3.21,1.22,19.32,8.17,0.88,0.56,5.96,7.66,0.46,0.27
NIKO MIKKOLA,,D,30.1,FLA,68,216.6,9.39,4.03,1.57,193.96,9.58,3.82,1.57,1.48,9.67,0.39,0.39,21.16,7.95,0.82,0.48
DEVON TOEWS,,D,32.3,COL,68,216.18,8.53,4.23,1.54,183.32,8.72,3.63,1.49,13.92,8.75,0.92,0.58,18.93,6.9,0.58,0.42
ALEXANDER NIKISHIN,,D,24.7,CAR,81,215.96,8.8,4.08,1.67,187.64,8.88,3.6,1.6,17.1,8.79,0.8,0.42,11.22,7.67,0.57,0.38
JOEL FARABEE,,R,26.3,CGY,82,215.35,9.31,3.19,1.22,181.11,9.6,3.14,1.19,11.44,7.58,0.87,0.4,22.8,8.31,0.82,0.49
LUKE EVANGELISTA,,R,24.3,NSH,81,214.84,9.57,3.34,1.33,187.47,9.61,3.2,1.31,27.27,9.35,0.91,0.59,0.1,8.35,0.06,0.04
IVAN BARBASHEV,,L,30.5,VGK,82,214.42,9.66,3.3,1.36,204.2,9.71,3.3,1.24,10.16,8.69,0.6,0.37,0.06,11.71,0.04,0.04
DENTON MATEYCHUK,,D,21.9,CBJ,75,214.23,8.93,4.13,1.62,194.17,9.1,4.04,1.44,6.72,9.66,0.87,0.55,13.34,6.86,0.72,0.37
BRAYDEN SCHENN,,L,34.8,NYI,80,214.14,9.58,3.38,1.44,188.21,9.75,3.04,1.18,24.85,8.49,0.84,0.39,1.08,8.7,0.1,0.1
MATT CORONATO,,R,23.6,CGY,80,214.11,9.64,3.36,1.42,180.22,9.75,3,1.26,33.61,9.08,0.95,0.56,0,0,0.08,0.08
WYATT KAISER,,D,23.8,CHI,77,214.02,8.5,3.47,1.35,195.87,8.65,3.44,1.34,0.85,8.45,0.14,0.11,17.3,7.14,0.62,0.32
SETH JARVIS,,R,24.3,CAR,71,213.88,9.57,3.71,1.45,166.37,9.92,3.26,1.38,30.89,8.33,1.06,0.76,16.62,8.93,0.61,0.37
SAM MALINSKI,,D,27.9,COL,82,213.81,8.88,3.38,1.3,202.87,8.93,3.35,1.24,3.07,9.33,0.45,0.29,7.87,7.69,0.37,0.37
JONAS SIEGENTHALER,,D,29.1,N.J,82,213.45,8.02,3.2,1.27,197.74,8.17,3.15,1.27,0.39,8.56,0.08,0.05,15.31,6.49,0.53,0.39
LEON DRAISAITL,,C,30.6,EDM,65,213.28,9.13,4.19,1.6,181.77,9.57,3.64,1.34,27.55,7.08,0.98,0.55,3.97,7.99,0.39,0.3
ANTHONY BEAUVILLIER,,R,29.0,WSH,82,213.16,9.87,3.5,1.31,193.62,10.04,3.45,1.27,6.14,8.76,0.47,0.31,13.4,8.36,0.64,0.34
NOAH CATES,,C,27.3,PHI,82,212.92,9.59,3.29,1.3,168.45,9.86,2.63,1.1,22.95,8.17,0.65,0.41,21.51,9.34,0.75,0.48
MICHAEL AMADIO,,R,30.1,OTT,81,212.79,9.78,3.34,1.4,198.28,9.86,3.34,1.29,0.71,6.06,0.12,0.12,13.8,9.01,0.74,0.42
RYAN NUGENT-HOPKINS,,L,33.1,EDM,72,212.74,9.3,3.71,1.44,166.59,9.79,2.95,1.39,33.75,7.98,0.97,0.63,12.4,7.65,0.54,0.34
ANZE KOPITAR,,C,38.8,L.A,67,212.74,9.96,4.01,1.49,179.03,10.4,3.55,1.49,26.43,8.03,0.89,0.71,7.29,8.52,0.59,0.36
SAM REINHART,,R,30.6,FLA,64,212.61,9.36,3.97,1.62,154.44,9.55,3.41,1.3,39.72,8.93,1.44,0.87,18.45,8.83,0.78,0.47
TYLER BERTUZZI,,R,31.3,CHI,79,212.28,8.74,3.47,1.27,182.6,9.12,3.01,1.27,29.56,6.94,0.86,0.61,0,0,0.12,0.12
JOHN MARINO,,D,29.0,UTA,80,211.94,7.87,3.17,1.25,196.74,7.99,3.05,1.25,0.9,8.36,0.15,0.14,14.3,6.49,0.46,0.28
JOSH DOAN,,R,24.3,BUF,82,211.88,9.77,3.29,1.24,182.41,10.21,2.83,1.19,29.29,7.71,0.93,0.52,0,0,0.04,0.03
VASILY PODKOLZIN,,L,24.9,EDM,82,211.45,10.06,3.09,1.24,198.3,10.16,3.02,1.2,5.41,8.54,0.68,0.36,7.74,9.04,0.73,0.38
JACK QUINN,,R,24.7,BUF,82,210.94,9.86,3.28,1.32,183.31,10.1,2.99,1.24,26,8.49,1.07,0.56,1.63,8.93,0.31,0.22
SHANE PINTO,,C,25.6,OTT,72,210.47,9.37,3.69,1.43,167.71,9.56,3.17,1.24,19.44,8.88,0.88,0.61,23.32,8.59,0.74,0.43
LOGAN STANKOVEN,,C,23.3,CAR,81,210.38,10.09,3.45,1.3,189.52,10.13,3.43,1.3,20.37,9.67,0.65,0.46,0.5,10.47,0.06,0.06
ILYA MIKHEYEV,,L,31.6,CHI,77,210,9.39,3.67,1.39,181.76,9.6,3.6,1.22,0.64,9.44,0.13,0.13,27.6,8.19,1.14,0.6
SIMON HOLMSTROM,,R,25.0,NYI,79,209.91,9.53,3.3,1.36,172.06,9.83,2.96,1.14,17,9.17,0.63,0.52,20.86,7.83,0.82,0.47
CONNOR MCMICHAEL,,L,25.4,WSH,78,209.9,9.55,3.58,1.34,167.87,9.75,3.45,1.19,20.51,9.77,0.7,0.39,21.52,8.1,0.67,0.46
LAWSON CROUSE,,R,28.9,UTA,81,209.8,9.36,3.36,1.32,168.57,9.73,3.08,1.32,11.48,8.18,0.47,0.34,29.75,8.1,0.89,0.52
WILL CUYLLE,,L,24.3,NYR,82,209.74,9.1,3.17,1.21,176.36,9.33,2.86,1.09,15.2,7.61,0.77,0.46,18.18,8.48,0.77,0.34
ANDREI SVECHNIKOV,,L,26.2,CAR,79,209.47,9.37,3.38,1.25,178.71,9.69,2.99,1.19,30.72,7.84,1.03,0.74,0,0,0.03,0.03
SEAN MONAHAN,,C,31.6,CBJ,78,209.37,9.4,3.71,1.26,171.75,9.79,3.01,1.26,19.43,7.72,0.76,0.52,18.2,8.3,0.6,0.36
TOMAS HERTL,,C,32.6,VGK,82,209.21,8.99,3.16,1.26,177.5,9.67,2.87,1.2,30.07,6.35,1.2,0.52,1.64,8.88,0.42,0.19
ANDREW COPP,,C,31.9,DET,79,209.18,9.59,3.33,1.28,180.71,9.97,2.85,1.2,13.65,7.66,0.57,0.41,14.82,7.76,0.64,0.38
CLAUDE GIROUX,,R,38.4,OTT,82,208.24,9.35,3.11,1.32,166.26,9.56,2.83,1.08,25.67,8.62,0.85,0.52,16.3,8.54,0.75,0.46
AUSTON MATTHEWS,,C,28.7,TOR,60,208.22,10.01,4.34,1.6,172.66,10.24,3.77,1.35,26.19,9.47,0.93,0.66,9.36,8.01,0.69,0.45
PAVEL ZACHA,,C,29.2,BOS,78,208.17,9.51,3.35,1.32,164.5,9.72,2.65,1.08,34.44,9.01,0.97,0.67,9.23,8,0.46,0.31
FRASER MINTEN,,C,21.9,BOS,82,207.93,9.78,3.41,1.37,176.94,9.94,2.92,1.37,12.77,9.64,0.88,0.46,18.22,8.58,0.58,0.29
BRANDON HAGEL,,L,27.8,T.B,71,207.66,8.88,4.05,1.52,167.05,9.21,2.96,1.36,19.3,7.45,0.83,0.7,21.3,8.06,0.74,0.49
IVAN DEMIDOV,,R,20.5,MTL,82,207.3,9.79,3.45,1.31,173.88,10.2,3.3,1.18,33.33,8.08,1.39,0.87,0.09,8.18,0.08,0.08
YEGOR SHARANGOVICH,,L,28.0,CGY,78,207.15,9.93,3.58,1.37,174.81,9.96,2.99,1.3,21.02,10.24,0.9,0.43,11.32,8.98,0.47,0.34
SIDNEY CROSBY,,C,38.8,PIT,68,207,9.5,3.94,1.3,180.35,9.89,3.45,1.26,26.32,7.5,1.01,0.54,0.33,7.67,0.06,0.06
MORGAN FROST,,C,27.1,CGY,82,206.53,9.75,3.28,1.3,174.12,9.95,3.08,1.21,32.16,8.8,1.09,0.63,0.24,9.56,0.07,0.07
ALIAKSEI PROTAS,,L,25.4,WSH,76,206.2,8.93,3.51,1.34,183.09,9.13,3.35,1.34,4.41,7.31,0.45,0.28,18.7,7.65,0.64,0.37
J.T. COMPHER,,C,31.2,DET,82,206.08,9.62,3.43,1.34,179.87,9.77,2.95,1.22,8.85,9.72,0.52,0.36,17.36,8.29,0.71,0.4
OLEN ZELLWEGER,,D,22.7,ANA,76,205.95,9.58,3.66,1.47,187.61,9.66,3.57,1.47,9.62,10,0.77,0.45,8.72,7.81,0.49,0.42
COLLIN GRAF,,L,23.7,S.J,81,205.87,9.27,3.31,1.38,172.65,9.48,3.1,1.2,6.03,9.13,0.66,0.35,27.19,8.16,0.87,0.55
DAMON SEVERSON,,D,31.8,CBJ,71,205.45,8.24,3.85,1.51,188.46,8.23,3.57,1.43,11.94,9.04,0.65,0.34,5.05,6.98,0.38,0.29
J.T. MILLER,,C,33.2,NYR,68,205.39,9,3.57,1.38,161.98,9.41,3.31,1.28,27.41,7.73,0.9,0.59,16,7.7,0.7,0.4
SEAN COUTURIER,,C,33.5,PHI,78,205.21,9.48,3.41,1.36,170.61,9.78,2.74,1.13,8.45,7.53,0.88,0.33,26.15,8.51,1.11,0.49
EMMITT FINNIE,,L,20.9,DET,82,205.1,9.68,3.49,1.34,180.9,9.85,3.44,1.25,16.78,8.8,0.93,0.66,7.42,8.14,0.44,0.35
BOBBY MCMANN,,L,30.0,SEA,78,205.05,9.9,3.8,1.32,191.54,9.97,3.58,1.32,11.21,8.87,0.53,0.34,2.31,9.51,0.37,0.25
ANDREW PEEKE,,D,28.2,BOS,77,204.65,8.23,3.65,1.42,183.45,8.42,3.19,1.35,0.41,9.39,0.08,0.08,20.8,6.82,0.62,0.43
JJ PETERKA,,L,24.4,UTA,82,204.09,9.34,3.45,1.3,182.08,9.5,3.3,1.27,21.87,8.21,0.86,0.53,0.15,8.37,0.08,0.08
TEUVO TERAVAINEN,,L,31.7,CHI,75,203.78,9.18,3.95,1.32,152.49,9.49,3.31,1.31,29.91,8.52,1.1,0.69,21.38,8.18,1.04,0.48
BROCK BOESER,,R,29.3,VAN,75,203.44,8.54,3.43,1.34,163.05,8.78,2.91,1.13,30.91,7.51,1.1,0.76,9.48,8.34,0.56,0.31
BRENDEN DILLON,,D,35.6,N.J,82,203.38,8.27,3.25,1.24,182.04,8.49,2.9,1.18,0.25,9.91,0.06,0.04,21.09,6.73,0.57,0.35
EELI TOLVANEN,,L,27.1,SEA,78,202.91,9.73,3.61,1.25,170.64,9.97,2.97,1.17,20.13,8.42,0.68,0.52,12.14,9.01,0.61,0.43
TYLER MYERS,,D,36.3,DAL,73,202.38,8.52,3.46,1.37,179.32,8.71,3.06,1.31,0.97,9.31,0.1,0.1,22.08,7.21,0.89,0.44
MARTIN FEHERVARY,,D,26.7,WSH,81,202.25,7.77,2.93,1.22,178.68,8.07,2.83,1.1,0.46,8.29,0.04,0.04,23.11,6.04,0.67,0.43
RYAN SHEA,,D,29.3,PIT,80,202.18,8.03,3.33,1.22,180.76,8.24,3.08,1.14,2.03,9.06,0.28,0.27,19.39,6.41,0.66,0.47
ALEX KILLORN,,L,36.7,ANA,82,202.17,8.86,3.26,1.2,161.33,9.12,2.76,1.2,16.54,8.22,0.76,0.42,24.3,7.75,0.89,0.41
JOSH MANSON,,D,34.7,COL,79,201.92,8.62,3.15,1.21,182.3,8.79,2.92,1.17,0.69,8.19,0.28,0.26,18.94,7.33,0.68,0.5
NICK PERBIX,,D,28.0,NSH,79,201.63,8.01,3.37,1.29,174.78,8.22,3.02,1.16,0.78,8.08,0.17,0.16,26.07,6.86,0.85,0.58
ANDRE BURAKOVSKY,,R,31.3,CHI,75,201.57,9.83,3.5,1.4,176.71,9.96,3.27,1.24,24.78,8.97,0.88,0.68,0.08,9.87,0.03,0.03
RASMUS SANDIN,,D,26.2,WSH,73,201.26,8.62,3.99,1.44,180.81,8.76,3.35,1.27,8.88,8.91,0.62,0.39,11.57,6.69,0.51,0.34
ANTON LUNDELL,,C,24.7,FLA,64,200.08,9.79,4.11,1.49,154.14,10.07,3.25,1.41,26.65,9.33,1.2,0.8,19.28,8.54,0.81,0.51
MAVRIK BOURQUE,,R,24.4,DAL,82,200.06,9.45,3.29,1.2,182.84,9.45,2.91,1.2,14.83,9.65,0.45,0.4,2.38,8.81,0.23,0.13
JOEL ERIKSSON EK,,C,29.3,MIN,70,199.96,8.98,3.67,1.45,157.05,9.66,3.27,1.34,27.87,6.74,1.15,0.58,15.04,8.09,0.48,0.3
COLE SILLINGER,,L,23.1,CBJ,81,199.47,9.71,3.24,1.2,187.13,9.8,3.13,1.2,3.16,8.22,0.38,0.28,9.17,8.61,0.4,0.24
CONOR GARLAND,,R,30.2,CBJ,71,199.39,9.8,3.78,1.47,162.63,9.96,3.11,1.31,22.97,9.34,0.97,0.72,13.79,8.89,0.74,0.48
ALEXANDRE CARRIER,,D,29.7,MTL,73,198.8,8.56,3.46,1.36,173.8,8.9,3.21,1.3,0,0,0.1,0.09,24.63,6.71,0.7,0.49
DYLAN SAMBERG,,D,27.4,WPG,66,198.52,8.27,3.97,1.44,179.67,8.52,3.81,1.43,1.07,8.67,0.1,0.08,17.78,6.37,0.67,0.41
HAMPUS LINDHOLM,,D,32.4,BOS,67,198.51,8.22,3.93,1.43,164.91,8.45,3.21,1.3,14.13,8.89,0.7,0.42,19.47,6.42,0.83,0.46
RIDLY GREIG,,L,23.8,OTT,77,198.37,9.26,3.24,1.33,167.3,9.57,3.08,1.12,10.12,7.92,0.52,0.32,20.94,7.86,0.75,0.4
MATVEI MICHKOV,,R,21.5,PHI,81,198.12,9.89,3.05,1.16,174.82,10.23,2.82,1.09,23.23,7.89,0.79,0.59,0.08,9.45,0.05,0.05
JOEL EDMUNDSON,,D,32.9,L.A,82,197.9,7.84,3.11,1.33,175.34,8.03,2.82,1.19,0.62,6.92,0.09,0.09,21.94,6.61,0.85,0.43
WILL SMITH,,R,21.2,S.J,69,197.6,9.45,3.52,1.46,163.84,9.62,3.34,1.24,33.09,8.71,1.15,0.57,0.67,8.78,0.22,0.22
ROBERT THOMAS,,C,26.9,STL,64,197.29,9.73,3.83,1.47,161.16,9.98,3.52,1.39,24.44,8.94,0.95,0.63,11.69,8.38,0.65,0.35
CODY CECI,,D,32.5,L.A,82,196.94,8.2,3.35,1.27,178.47,8.38,3.35,1.27,0.25,11.57,0.11,0.11,18.21,6.77,0.7,0.37
JORDAN SPENCE,,D,25.3,OTT,73,196.6,8.63,4.18,1.53,181.54,8.64,3.84,1.43,13.56,8.71,1.26,0.78,1.49,6.95,0.16,0.15
WILLIAM NYLANDER,,R,30.1,TOR,65,196.26,9.33,3.99,1.53,169.35,9.46,3.43,1.53,26.08,8.58,0.99,0.55,0.83,9.03,0.17,0.14
TAYLOR HALL,,L,34.6,CAR,80,196.11,10.12,3.1,1.19,175.39,10.22,2.93,1.16,20.53,9.33,0.75,0.49,0,0,0.08,0.08
BLAKE COLEMAN,,L,34.5,CGY,69,195.87,9.83,3.51,1.34,160.67,10.06,3.04,1.23,11.55,7.82,0.88,0.51,23.65,9.52,0.95,0.47
KIEFER SHERWOOD,,R,31.2,S.J,72,195.41,9.43,3.73,1.43,162.38,9.67,2.88,1.18,17.21,8.04,0.9,0.64,15.82,8.82,0.59,0.45
MIKKO RANTANEN,,R,29.6,DAL,64,195.34,9.08,3.71,1.45,164.85,9.52,3.29,1.32,30.35,7.25,0.99,0.58,0.14,10.38,0.05,0.05
ALEX IAFALLO,,R,32.5,WPG,79,195.31,9.51,3.28,1.17,169.97,9.74,3.17,1.17,12.98,8.15,1.16,0.44,12.36,8.34,0.64,0.36
JALEN CHATFIELD,,D,30.1,CAR,72,194.91,8.07,3.32,1.34,174.36,8.19,3.17,1.31,0.58,8.5,0.06,0.05,19.97,7.13,0.75,0.41
ALEX OVECHKIN,,L,40.7,WSH,82,194.83,8.17,3.2,1.24,158.04,8.94,2.76,1.16,36.44,5.94,0.95,0.63,0.35,10.67,0.23,0.23
IAN COLE,,D,37.3,UTA,82,194.65,7.8,2.97,1.22,169.33,8.14,2.64,1.12,0.28,7.68,0.07,0.07,25.04,6.05,0.71,0.44
BRIAN DUMOULIN,,D,34.7,L.A,82,194.55,8.02,3.39,1.25,179.8,8.07,3.27,1.25,1.42,9.33,0.24,0.15,13.33,7.28,0.59,0.35
PATRICK KANE,,R,37.5,DET,67,194.55,9.85,3.52,1.37,163.31,10.08,2.97,1.37,31.17,8.79,1.05,0.57,0.07,11.55,0.04,0.04
SIMON NEMEC,,D,22.3,N.J,68,194.45,8.72,4.24,1.78,179.6,8.75,3.73,1.65,12.31,8.81,0.7,0.63,2.54,7.04,0.27,0.2
TOMMY NOVAK,,C,29.1,PIT,82,193.99,9.94,3.15,1.16,178.66,9.98,2.94,1.11,15.16,9.39,0.69,0.45,0,0,0.09,0.09
FRANK NAZAR,,C,22.4,CHI,66,193.62,9.61,3.75,1.41,153.33,9.92,2.95,1.27,29.06,8.39,1.11,0.6,11.22,9.08,0.78,0.41
EETU LUOSTARINEN,,C,27.8,FLA,73,193.23,9.58,3.62,1.38,161.61,9.8,3.16,1.24,11.7,8.67,0.81,0.63,19.92,8.55,0.82,0.59
MATT SAVOIE,,L,22.4,EDM,82,192.89,9.55,3.19,1.2,163.97,9.73,2.81,1.16,9.94,8.73,0.65,0.42,18.97,8.61,0.79,0.41
JONATHAN TOEWS,,C,38.1,WPG,82,192.74,9.73,3.19,1.15,168.88,9.97,2.9,1.09,22.33,8.26,0.87,0.67,1.53,9.14,0.17,0.17
THOMAS CHABOT,,D,29.3,OTT,57,192.69,8.98,4.31,1.62,160.19,9.08,3.64,1.48,20.44,9.01,0.94,0.5,12.06,7.87,0.65,0.52
RYAN POEHLING,,C,27.4,ANA,75,192.66,10.23,3.71,1.36,159.74,10.41,3.12,1.21,3.84,9.64,0.62,0.56,29.08,9.39,1.23,0.59
BEN KINDEL,,C,19.1,PIT,77,192.57,9.96,3.73,1.66,164,10.15,3.23,1.37,21.59,9.22,1,0.6,6.99,8.46,0.57,0.32
ANTHONY MANTHA,,R,31.7,PIT,81,192.45,9.39,3.22,1.3,168.29,9.68,2.96,1.1,24.01,7.72,1.11,0.51,0,0,0.09,0.09
NICK SEELER,,D,33.0,PHI,80,192.28,8.15,3.37,1.3,173.69,8.31,3.06,1.15,0.42,8.37,0.15,0.15,18.17,6.9,0.71,0.43
RYAN DONATO,,L,30.2,CHI,82,192.15,9.54,3.33,1.49,177.78,9.76,2.99,1.46,14.36,7.47,0.54,0.36,0.01,5.83,0.01,0.01
ARTTURI LEHKONEN,,L,30.9,COL,70,192.04,8.91,3.44,1.34,162.16,9.28,3.19,1.19,18.45,6.77,0.89,0.49,11.44,8.43,0.44,0.34
JORDAN STAAL,,C,37.7,CAR,75,191.95,9.49,3.21,1.21,160.7,9.77,2.95,1.12,6.67,6.69,0.29,0.21,24.58,8.82,0.72,0.54
ARTYOM LEVSHUNOV,,D,20.6,CHI,68,191.95,8.65,3.89,1.38,161.14,8.71,3.61,1.35,26.68,8.6,0.91,0.72,4.14,7.04,0.37,0.25
CONNOR MURPHY,,D,33.2,EDM,80,191.91,8.21,3.12,1.29,166.92,8.47,2.99,1.18,0.36,8.98,0.14,0.1,24.63,6.76,0.87,0.5
PAVEL MINTYUKOV,,D,22.5,ANA,73,191.78,8.55,3.38,1.31,163.68,8.74,2.92,1.21,9.31,9.75,0.82,0.42,18.78,6.89,0.9,0.53
RYAN HARTMAN,,R,31.7,MIN,76,191.43,9.03,3.23,1.2,174.68,9.23,2.95,1.19,16,7.19,0.7,0.43,0.76,11.44,0.24,0.24
MAX DOMI,,C,31.3,TOR,80,191.24,9.64,3.16,1.21,174.49,9.69,3.02,1.21,16.64,9.15,0.66,0.41,0,0,0.08,0.08
MARCO KASPER,,C,22.2,DET,81,191.11,10.26,3.35,1.44,172.28,10.41,3.16,1.27,10.13,9.69,0.64,0.41,8.71,8.47,0.44,0.23
JAMIE OLEKSIAK,,D,33.5,SEA,78,190.15,8.64,3.54,1.64,176.09,8.88,3.46,1.57,0,0,0.1,0.1,13.8,6.41,0.54,0.39
RYAN LINDGREN,,D,28.3,SEA,76,189.74,8.17,3.21,1.29,169.28,8.48,2.89,1.14,0.57,8.47,0.14,0.14,19.89,6.21,0.67,0.4
JUSTIN SOURDIF,,C,24.2,WSH,78,189.14,9.87,3.48,1.41,175.48,9.93,3.45,1.3,12.13,9.25,0.62,0.49,1.54,8.9,0.2,0.2
CHRIS KREIDER,,L,35.1,ANA,75,189.03,8.87,3.13,1.24,155.66,9.41,2.96,1.17,28.03,6.88,0.94,0.54,5.33,7.73,0.63,0.29
SAM STEEL,,L,28.3,DAL,73,188.91,9.67,3.9,1.24,160.2,9.73,3.52,1.21,5.36,9.57,0.4,0.29,23.35,9.26,0.68,0.38
ANDERS LEE,,L,35.9,NYI,82,188.76,8.83,3.02,1.23,171.87,9.07,2.71,1.23,16.76,6.99,0.55,0.37,0.13,7.63,0.04,0.04
BRAYDEN POINT,,C,30.2,T.B,63,188.49,9.83,3.7,1.5,154.25,10.17,3.31,1.27,33.75,8.5,1.4,0.74,0,0,0.2,0.17
WILL BORGEN,,D,29.5,NYR,75,188.33,8.35,3.22,1.22,169.45,8.58,3.11,1.2,0.4,10.14,0.06,0.06,18.48,6.69,0.74,0.42
DREW O'CONNOR,,L,28.0,VAN,82,188.19,9.44,3.02,1.17,170.04,9.46,2.79,1.15,5.22,9.65,0.61,0.42,12.93,9.11,0.55,0.34
LOUIS CREVIER,,D,25.1,CHI,78,188.07,8.44,3.35,1.37,169.65,8.61,2.88,1.21,0.8,9.71,0.1,0.1,17.62,7.07,0.73,0.45
EVAN RODRIGUES,,C,32.9,FLA,69,188.01,9.62,3.66,1.37,154.61,9.72,3.07,1.21,21,9.62,1.09,0.62,12.4,8.51,0.67,0.38
MARCUS JOHANSSON,,L,35.7,MIN,75,187.92,9.75,3.33,1.23,165.33,9.79,3.1,1.15,15.88,10.07,0.9,0.54,6.72,8.19,0.32,0.26
MASON MARCHMENT,,L,31.0,CBJ,68,187.64,9.53,3.4,1.31,167.06,9.79,3.12,1.31,20.32,7.8,0.78,0.52,0.26,9.81,0.16,0.16
JACK DRURY,,C,26.3,COL,82,187.38,9.47,2.83,1.25,162.36,9.7,2.6,1.1,2.41,8.13,0.43,0.43,22.61,8.21,0.65,0.51
MACKIE SAMOSKEVICH,,L,23.6,SEA,77,187.14,10.08,3.38,1.29,162.57,10.26,2.91,1.27,23.91,8.91,1.29,0.86,0,0,0.2,0.2
CHARLE-EDOUARD D'ASTOUS,,D,28.1,T.B,70,187.14,8.55,3.42,1.42,173.83,8.58,3.3,1.33,9.46,8.47,0.5,0.33,3.85,7.56,0.42,0.28
ELIAS LINDHOLM,,C,31.5,BOS,69,186.51,9.07,3.38,1.44,151.65,9.3,2.81,1.14,26.84,8.5,0.83,0.58,8.02,7.24,0.39,0.3
JIMMY SNUGGERUD,,R,22.0,STL,70,186.4,9.57,3.43,1.36,164.29,9.76,3.07,1.36,22.08,8.37,0.72,0.46,0.03,7.51,0.01,0.01
RICKARD RAKELL,,L,33.1,PIT,60,186.17,9.82,3.93,1.57,151.22,10.04,3.27,1.46,30.67,9.3,1.37,0.75,4.27,7.34,0.45,0.36
JORDAN KYROU,,R,28.1,STL,72,184.96,9.8,3.26,1.31,160.91,9.89,3.11,1.23,23.96,9.21,0.8,0.57,0.09,8.54,0.03,0.03
OLIVER KAPANEN,,C,22.8,MTL,82,184.79,9.34,3.59,1.21,156.46,9.59,3.16,1.1,12.72,9.67,0.71,0.41,15.6,7.27,0.51,0.4
JEAN-GABRIEL PAGEAU,,C,33.6,NYI,74,183.98,9.52,3.03,1.2,154.68,9.74,2.73,1.09,3.89,8.51,0.39,0.27,25.42,8.54,0.88,0.5
EVANDER KANE,,R,34.8,VAN,71,183.5,9.45,3.22,1.23,167.58,9.56,3.16,1.18,15.72,8.39,0.78,0.49,0.2,8.78,0.06,0.06
CARSON SOUCY,,D,31.9,NYI,76,183.33,8.76,3.24,1.38,169.39,8.92,3.13,1.36,0.43,10.45,0.11,0.1,13.51,7.12,0.55,0.33
YAKOV TRENIN,,C,29.4,MIN,82,181.99,10.03,3.03,1.22,164.35,10.16,2.92,1.14,1.1,8.95,0.46,0.28,16.55,8.92,0.71,0.39
DYLAN HOLLOWAY,,L,24.7,STL,59,181.98,10.14,3.96,1.72,159.34,10.31,3.51,1.58,20.07,9.08,0.76,0.52,2.56,8.94,0.39,0.32
PEYTON KREBS,,L,25.4,BUF,82,181.92,9.67,3.14,1.23,179.23,9.68,3.13,1.23,1.22,10.16,0.32,0.28,1.47,8.77,0.14,0.12
ALBERT JOHANSSON,,D,25.4,DET,82,181.42,8.33,3.13,1.31,167.55,8.52,2.87,1.3,2.46,8.86,0.49,0.32,11.41,6.17,0.45,0.28
MASON MCTAVISH,,L,23.3,ANA,75,181.38,9.47,3.47,1.3,162.08,9.83,3.12,1.24,18.19,7.14,0.74,0.47,1.12,9.43,0.22,0.12
PHILLIP DANAULT,,C,33.3,MTL,75,181.38,9.32,3.17,1.19,155.35,9.57,2.77,1.13,6.68,8.82,0.5,0.48,19.35,7.81,0.76,0.44
MICHAEL MCCARRON,,C,31.2,MIN,79,181.14,9.8,2.89,1.1,155.11,10.12,2.66,1.06,0.86,7.95,0.42,0.26,25.17,8.28,0.95,0.64
CONNOR ZARY,,L,24.7,CGY,74,180.89,10.21,3.33,1.3,160.04,10.2,3.05,1.3,20.71,10.24,0.78,0.49,0.14,9.78,0.04,0.03
JAKE MIDDLETON,,D,30.4,MIN,75,180.84,8.26,3.26,1.26,164.77,8.5,2.87,1.26,0.21,7.67,0.05,0.05,15.85,6.4,0.63,0.33
KAEDAN KORCZAK,,D,25.3,VGK,78,180.84,8.71,3.69,1.32,176.14,8.75,3.47,1.32,0.57,10.15,0.21,0.19,4.13,7.15,0.27,0.23
LOGAN STANLEY,,D,28.0,BUF,76,180.68,8.54,4.06,1.41,167.26,8.63,3.51,1.31,4.75,8.61,0.73,0.3,8.67,7.07,0.45,0.33
TREVOR MOORE,,L,31.2,L.A,69,180.49,9.38,3.29,1.19,157.2,9.55,3.13,1.19,6.94,8.3,0.45,0.28,16.35,8.4,0.79,0.5
JONAS BRODIN,,D,32.9,MIN,62,180.33,8.6,3.59,1.47,166.38,8.81,3.43,1.47,0.71,9.08,0.21,0.21,13.24,6.63,0.53,0.4
FREDERICK GAUDREAU,,C,33.1,SEA,68,179.65,9.82,3.55,1.33,159.44,10.16,3.32,1.28,3.41,10.36,0.72,0.46,16.79,7.37,0.73,0.44
MARAT KHUSNUTDINOV,,L,23.9,BOS,77,179.54,9.65,3.19,1.14,161.29,9.79,2.85,1.14,7.8,9.66,0.73,0.37,10.46,7.88,0.48,0.36
TROY TERRY,,R,28.7,ANA,61,178.71,9.58,3.84,1.27,141.38,9.77,3.2,1.18,28.95,8.91,0.99,0.7,8.39,8.92,0.78,0.37
ANTHONY CIRELLI,,C,28.9,T.B,71,177.79,8.68,3.38,1.3,142.48,8.94,2.75,1.14,9.14,6.34,0.55,0.31,26.17,8.4,0.96,0.56
SCOTT MAYFIELD,,D,33.6,NYI,80,177.1,8.06,2.95,1.23,162.65,8.21,2.71,1.23,0.22,9.12,0.15,0.15,14.23,6.66,0.58,0.34
MASON LOHREI,,D,25.4,BOS,73,177.01,8.61,3.29,1.28,160.89,8.58,3.1,1.19,14.89,9.02,0.77,0.44,1.23,7.42,0.38,0.2
SETH JONES,,D,31.7,FLA,52,176.92,8.61,4.64,1.66,134.51,8.7,4.18,1.51,27.58,8.94,1.3,0.93,14.83,7.45,0.81,0.55
KEVIN STENLUND,,C,29.7,UTA,80,176.86,9.16,3.04,1.28,142.27,9.44,2.85,1.17,2.17,6.66,0.38,0.25,32.42,8.31,0.86,0.48
ZEMGUS GIRGENSONS,,L,32.4,T.B,74,175.82,9.65,3.1,1.36,155.41,9.85,2.75,1.24,0.36,7.85,0.07,0.07,20.05,8.41,0.92,0.77
NIC DOWD,,C,36.0,VGK,75,175.79,9.67,3.34,1.34,152.09,9.93,2.93,1.31,0.76,9.64,0.11,0.1,22.94,8.25,0.8,0.48
BRAYDEN MCNABB,,D,35.4,VGK,63,175.3,8.13,3.29,1.31,158.36,8.37,3.11,1.31,0.74,8.29,0.14,0.11,16.2,6.39,0.67,0.38
BOBBY BRINK,,R,24.9,MIN,68,175.27,10.2,3.54,1.38,154.16,10.33,3.1,1.2,20.91,9.39,1.02,0.62,0.2,6.89,0.11,0.11
ADAM FOX,,D,28.3,NYR,55,175.12,8.09,3.94,1.5,146.93,8.2,3.64,1.34,23.04,7.6,0.87,0.52,5.16,7.26,0.42,0.32
SHANE WRIGHT,,C,22.4,SEA,74,175.01,10.28,3,1.24,158.07,10.52,2.88,1.22,16.61,8.43,0.61,0.35,0,0,0.09,0.09
NICOLAS ROY,,R,29.3,COL,74,174.92,9.81,3.32,1.29,151.84,10.16,3.05,1.28,8.08,7.65,0.62,0.29,15,8.17,0.62,0.5
JORDAN MARTINOOK,,R,33.9,CAR,77,174.68,9.17,3.01,1.16,151.35,9.33,2.55,1.02,0.35,7.37,0.05,0.05,22.99,8.29,0.94,0.47
SEAN KURALY,,C,33.4,BOS,82,174.47,9.58,2.98,1.22,141.23,9.8,2.58,1.08,0.63,9.95,0.2,0.2,32.6,8.73,0.89,0.42
ADAM LOWRY,,C,33.2,WPG,70,173.84,9.95,3.33,1.32,155.94,10.19,3.03,1.17,0.88,9.33,0.29,0.19,17.02,8.22,0.79,0.38
CASEY MITTELSTADT,,L,27.5,BOS,71,173.56,9.67,3.14,1.19,155.65,9.79,2.8,1.04,17.77,8.76,0.91,0.42,0.14,8.85,0.05,0.05
SIMON BENOIT,,D,27.7,PHI,73,173.3,8.24,3.02,1.17,158.57,8.46,2.77,1.17,0.06,8.61,0.03,0.03,14.67,6.38,0.56,0.39
COLE PERFETTI,,L,24.4,WPG,68,173.26,9.78,3.32,1.46,151.52,10.01,2.93,1.17,21.5,8.4,0.87,0.59,0,0,0.15,0.15
JOHN KLINGBERG,,D,33.8,S.J,56,172.87,9.05,3.99,1.7,147.84,9.07,3.51,1.57,24.67,8.94,1.06,0.66,0.36,10.05,0.13,0.13
ZACHARY BOLDUC,,L,23.3,MTL,78,172.76,9.75,2.79,1.15,156,9.98,2.71,1.15,16.65,8.03,1.32,0.66,0.11,9.91,0.06,0.06
MATTHEW ROBERTSON,,D,25.2,NYR,72,172.29,8.25,3.1,1.2,159.02,8.37,2.94,1.16,0.66,9.51,0.14,0.14,12.61,6.94,0.67,0.39
TOM WILLANDER,,D,21.3,VAN,70,171.54,8.65,3.48,1.23,154.99,8.67,3.39,1.18,12.65,9.14,0.89,0.65,3.9,6.93,0.26,0.19
MARK STONE,,R,34.1,VGK,60,171.38,8.92,3.48,1.34,138.79,9.51,3.14,1.34,22.47,6.5,1.11,0.54,10.13,8.69,0.57,0.33
PARKER KELLY,,L,27.1,COL,82,170.72,9.83,2.79,1.1,143.88,9.98,2.67,1.09,0.7,10.61,0.15,0.15,26.14,9.09,0.8,0.51
ZACH BENSON,,L,21.1,BUF,65,170.42,9.9,3.98,1.4,144.34,10.08,3.15,1.33,15.65,8.35,1.02,0.51,10.43,10.25,0.84,0.41
VLADIMIR TARASENKO,,R,34.5,MIN,75,170.27,9.12,3.05,1.16,149.59,9.46,2.56,1.16,20.47,7.17,0.91,0.61,0,0,0.18,0.18
JACK ROSLOVIC,,R,29.3,EDM,69,170.05,9.38,3.51,1.26,159.69,9.51,3.28,1.26,10.3,7.73,0.63,0.47,0,0,0.04,0.04
TYLER TOFFOLI,,R,34.1,S.J,79,170.01,8.62,2.84,1.17,143.78,9.09,2.64,1.02,25.98,6.71,0.83,0.44,0,0,0.14,0.14
DANTE FABBRO,,D,28.0,CBJ,74,169.73,8.31,3.33,1.45,157.2,8.5,3.32,1.33,0.45,8.39,0.1,0.1,12.08,6.39,0.67,0.3
FABIAN ZETTERLUND,,R,26.8,OTT,82,169.7,9.62,3,1.23,156.68,9.8,2.92,1.23,12.44,7.79,0.72,0.44,0.58,8.73,0.21,0.16
TYLER KLEVEN,,D,24.4,OTT,70,169.65,8.38,3.88,1.43,155.44,8.5,3.63,1.41,1.05,8.07,0.29,0.21,13.16,7.23,0.72,0.4
SAM DICKINSON,,D,20.0,S.J,72,169.47,8.43,3.19,1.21,158.89,8.52,3.07,1.19,3.47,9.48,0.57,0.31,7.12,6.58,0.61,0.32
SEAN DURZI,,D,27.6,UTA,60,169.37,8.79,3.54,1.53,155.41,8.84,3.29,1.39,11.28,8.62,0.55,0.31,2.68,7.18,0.19,0.17
JUSTIN HRYCKOWIAN,,L,25.3,DAL,81,169.15,9.42,3.15,1.13,146.11,9.51,2.67,0.97,7.49,8.81,0.44,0.32,15.55,8.93,0.62,0.39
JACK MCBAIN,,L,26.4,UTA,75,169.03,9.77,2.9,1.18,150.24,9.98,2.63,1.08,3.49,7.76,0.34,0.27,15.3,8.48,0.56,0.38
MICHAEL CARCONE,,R,30.0,UTA,79,168.95,10.08,2.97,1.11,158.07,10.2,2.97,1.11,10.87,8.63,0.47,0.31,0.01,5.41,0.01,0.01
NICOLAS HAGUE,,D,27.5,NSH,62,168.92,8.33,3.28,1.37,152.86,8.46,3.2,1.37,0.55,7.46,0.11,0.11,15.52,7.24,0.96,0.58
TROY STECHER,,D,32.2,TOR,64,168.6,8.24,3.54,1.35,154.67,8.44,3.41,1.25,0.35,7.57,0.16,0.15,13.58,6.5,0.55,0.36
VICTOR OLOFSSON,,R,30.9,CGY,78,168.54,9.56,3.24,1.21,146.64,9.83,2.9,1.13,21.77,8.03,1.12,0.56,0,0,0.07,0.07
ONDREJ PALAT,,L,35.2,NYI,80,168.03,9.83,2.87,1.06,156.66,9.92,2.73,1.06,9,8.89,0.61,0.46,2.36,8.32,0.19,0.16
MATIAS MACCELLI,,L,25.6,TOR,71,167.57,9.72,3.19,1.24,148.21,9.76,2.9,1.17,19.26,9.37,0.76,0.5,0.1,0,0.06,0.06
BOONE JENNER,,C,33.0,CBJ,67,167.47,9.33,3.19,1.26,149.51,9.69,3.02,1.21,6.4,7.06,0.66,0.33,11.57,7.15,0.52,0.32
EGOR CHINAKHOV,,L,25.3,PIT,72,167.21,10.34,3.88,1.39,153.45,10.51,3.63,1.23,13.74,8.72,1.05,0.66,0.01,4.62,0,0
LOGAN MAILLOUX,,D,23.1,STL,67,167.04,8.92,3.87,1.55,154.94,8.98,3.39,1.51,6.96,9.69,0.73,0.38,5.15,6.76,0.53,0.35
OLIVER BJORKSTRAND,,R,31.2,T.B,80,166.98,9.18,3.16,1.34,138.24,9.86,2.67,1.1,28.45,6.83,1,0.62,0.29,0,0.17,0.17
KEVIN FIALA,,L,29.9,L.A,56,166.76,9.34,3.79,1.38,140.52,9.6,3.25,1.35,25.92,8.15,0.92,0.76,0.33,9.18,0.13,0.13
JONATHAN DROUIN,,R,31.2,STL,64,166.36,9.25,3.21,1.26,143.2,9.56,2.98,1.23,23.09,7.7,0.91,0.49,0.07,10.61,0.03,0.03
MIKAEL GRANLUND,,C,34.3,ANA,58,166.23,8.97,3.81,1.38,131.02,9.5,3.23,1.3,22.57,7.35,0.79,0.46,12.64,7.54,1.06,0.49
JONATHAN MARCHESSAULT,,R,35.4,NSH,62,166.12,9.62,3.46,1.26,139.78,9.73,3.08,1.24,26.33,9.11,1.02,0.61,0.01,6.58,0.01,0.01
MATT GRZELCYK,,D,32.4,CHI,69,165.77,8.49,3.36,1.51,154.14,8.52,3.36,1.51,8.3,8.55,0.48,0.32,3.33,7.39,0.3,0.3
YAN KUZNETSOV,,D,24.2,CGY,57,165.56,8.68,3.6,1.42,152.42,8.78,3.17,1.39,0.49,9.15,0.11,0.11,12.65,7.58,0.54,0.48
CONNOR DEWAR,,L,26.9,PIT,78,165.21,9.13,2.82,1.07,137.72,9.45,2.62,1,0.27,7.12,0.14,0.14,27.21,7.8,1.08,0.75
JASON DICKINSON,,C,30.9,EDM,64,165.16,9.97,3.23,1.29,144.48,10.17,2.94,1.18,0.94,9.7,0.15,0.15,19.73,8.73,0.82,0.54
MICHAEL BUNTING,,L,30.7,DAL,74,164.94,9.26,2.88,1.21,147.48,9.46,2.6,1.21,17.42,7.87,0.79,0.53,0.04,5.98,0.04,0.04
RYKER EVANS,,D,24.5,SEA,67,164.75,8.29,3.31,1.36,154.56,8.4,3.18,1.36,3.69,9.42,0.48,0.21,6.5,6,0.35,0.31
BARRETT HAYTON,,C,26.0,UTA,67,164.51,9.74,3.02,1.27,144.23,10,2.93,1.23,18.45,8.16,0.65,0.44,1.83,8.8,0.23,0.16
JAKE EVANS,,C,30.0,MTL,68,164.31,9.44,2.98,1.25,136.48,9.69,2.71,1.16,0,0,0.18,0.18,27.27,8.34,0.85,0.55
EVGENI MALKIN,,R,39.8,PIT,56,163.94,9.98,3.85,1.41,140.37,10.42,3.28,1.31,23.47,7.96,1.07,0.5,0,0,0.08,0.08
JOSH ANDERSON,,R,32.1,MTL,72,163.58,9.72,2.9,1.12,141.2,10.06,2.51,1.11,0.99,10.75,0.33,0.22,21.39,7.93,0.72,0.42
RYAN LEONARD,,R,21.4,WSH,75,163.26,9.06,3.5,1.3,136.87,9.08,3.19,1.27,26.36,8.99,0.83,0.52,0.03,3.83,0.03,0.03
ARSENY GRITSYUK,,L,25.2,N.J,66,163.08,9.77,3.57,1.42,152.8,9.83,3.57,1.42,10.22,8.93,0.61,0.34,0.06,9.84,0.04,0.04
NOAH LABA,,C,22.8,NYR,74,162.65,9.79,2.95,1.11,143.46,9.91,2.62,1.01,6.44,9.51,0.58,0.35,12.74,8.75,0.5,0.42
MARK KASTELIC,,R,27.2,BOS,82,162.55,9.43,2.55,1.06,139.5,9.74,2.39,0.96,0.97,10.04,0.2,0.2,22.08,7.82,0.68,0.34
AXEL SANDIN-PELLIKKA,,D,21.2,DET,68,162.23,8.83,3.36,1.57,141.87,8.83,3.36,1.24,18.28,9.27,0.9,0.57,2.08,6.4,0.28,0.24
NEAL PIONK,,D,30.8,WPG,51,162.19,8.4,3.74,1.38,135.99,8.59,3.41,1.35,11.84,8.73,0.63,0.34,14.36,6.81,0.68,0.41
NICHOLAS ROBERTSON,,R,24.7,TOR,78,161.89,9.84,3.13,1.1,148.24,9.94,2.61,1.1,12.69,8.84,0.63,0.36,0.96,8.69,0.17,0.16
DALIBOR DVORSKY,,C,21.0,STL,71,161.7,9.53,3.14,1.4,143,9.77,2.76,1.24,18.58,8.02,0.8,0.5,0.11,9.9,0.04,0.04
JEREMY LAUZON,,D,29.1,VGK,68,161.14,8.28,3.22,1.31,146.93,8.5,3.08,1.31,0.28,11.77,0.16,0.16,13.92,6.44,0.67,0.47
MATS ZUCCARELLO,,R,38.8,MIN,59,161,8.78,3.72,1.3,136.71,9.26,2.96,1.2,24.1,6.79,1.22,0.61,0.2,8.78,0.1,0.1
JAKE NEIGHBOURS,,L,24.2,STL,69,160.7,9.18,2.81,1.12,142.36,9.46,2.65,1.05,17.94,7.4,0.61,0.45,0.41,8.77,0.06,0.06
TY EMBERSON,,D,26.0,EDM,72,160.65,8.63,2.96,1.29,149.12,8.74,2.88,1.29,0,0,0.11,0.08,11.35,7.36,0.4,0.3
KENT JOHNSON,,R,23.6,CBJ,76,160.57,9.57,3.34,1.33,141.3,9.64,2.7,1.05,18.99,9.12,0.98,0.66,0.29,7.8,0.17,0.17
SAMUEL GIRARD,,D,28.1,PIT,60,159.68,8.82,3.45,1.24,152.18,8.91,3.35,1.24,0.88,9.73,0.19,0.15,6.63,7.12,0.36,0.36
PONTUS HOLMBERG,,C,27.2,T.B,70,159.36,10.23,3.31,1.3,155.95,10.25,3.31,1.27,1.41,8.71,0.2,0.14,2,10.49,0.61,0.61
ROSS COLTON,,L,29.7,NSH,73,159.14,10.45,2.78,1.08,150.3,10.57,2.65,1.07,8.41,8.73,0.58,0.39,0.44,9.14,0.14,0.14
REILLY SMITH,,L,35.2,VGK,69,159,10.1,3.37,1.23,144.11,10.14,3.01,1.23,4.74,9.86,0.46,0.37,10.14,9.72,0.54,0.39
CASEY CIZIKAS,,C,35.3,NYI,81,158.5,9.98,2.67,1.1,142.2,10.25,2.38,1.09,0.56,9.75,0.14,0.14,15.75,8.07,0.51,0.39
PIUS SUTER,,C,30.0,STL,64,158.25,9.33,3.36,1.29,133.54,9.6,2.99,1.17,9.47,7.87,0.43,0.38,15.25,8.27,0.8,0.51
CODY GLASS,,C,27.2,N.J,70,157.77,9.93,2.91,1.14,147.12,10.07,2.91,1.13,4.13,9.25,0.45,0.34,6.52,7.89,0.45,0.33
ZACH HYMAN,,R,34.0,EDM,58,157.73,8.17,3.38,1.23,138.27,8.76,3.12,1.15,19.19,5.49,0.71,0.43,0.28,8.19,0.1,0.1
VIKTOR ARVIDSSON,,R,33.2,BOS,69,157.16,9.36,2.88,1.23,136.01,9.37,2.58,0.99,21.13,9.28,1.06,0.49,0,0,0.02,0.02
EASTON COWAN,,L,21.0,TOR,66,156.73,9.69,3.41,1.37,140.89,9.74,3.04,1.37,15.82,9.24,0.65,0.46,0,0,0.02,0.02
GABRIEL LANDESKOG,,L,33.5,COL,60,156.6,9.54,3.7,1.33,137.29,9.91,3.22,1.25,19.02,7.55,0.84,0.61,0.29,8.66,0.1,0.1
DANILA YUROV,,R,22.4,MIN,73,156.49,9.67,2.99,1.19,147.78,9.76,2.75,1.13,6.44,8.62,0.68,0.31,2.27,7.65,0.31,0.16
NICK COUSINS,,L,32.9,OTT,81,156.38,10.14,2.87,1.25,155.44,10.13,2.87,1.25,0.71,9.67,0.14,0.14,0,0,0.16,0.16
A.J. GREER,,R,29.5,FLA,78,156.23,9.67,2.97,1.25,147.84,9.68,2.68,1.11,1.52,9.83,0.46,0.4,6.88,9.33,0.77,0.5
ROOPE HINTZ,,C,29.5,DAL,53,156.03,10.19,3.94,1.45,127.59,10.54,3.21,1.37,24.02,8.82,1,0.74,4.41,8.98,0.56,0.26
GAGE GONCALVES,,L,25.4,T.B,74,154.87,9.59,3.04,1.26,142.51,9.72,2.86,1.13,9.92,8.2,0.56,0.4,2.43,9.15,0.59,0.4
NICK JENSEN,,D,35.7,OTT,61,154.72,8.95,3.48,1.33,147.69,8.99,3.24,1.33,0.49,9.25,0.17,0.17,6.54,8.04,0.45,0.37
KEEGAN KOLESAR,,R,29.2,VGK,82,153.53,9.74,2.8,1.12,145.33,9.77,2.8,1.06,0.71,7.09,0.12,0.12,7.49,9.49,0.49,0.32
TANNER JEANNOT,,L,29.0,BOS,77,153.35,9.45,2.67,1.12,137.49,9.56,2.37,1,0.9,9.06,0.17,0.17,14.95,8.56,0.59,0.38
ERIK CERNAK,,D,29.0,T.B,61,152.5,8.51,3.33,1.32,133.66,8.81,3.01,1.22,0.52,8.98,0.1,0.07,18.32,6.85,0.93,0.54
SHAYNE GOSTISBEHERE,,D,33.1,CAR,55,151.62,8.6,3.84,1.38,126.03,8.59,3.59,1.3,25.19,8.69,1.01,0.69,0.4,7.26,0.07,0.07
LIAM OHGREN,,L,22.3,VAN,69,151.42,10,3.24,1.22,142.76,10.04,2.93,1.1,3.88,10.12,0.74,0.39,4.78,8.91,0.4,0.23
BRAD MARCHAND,,R,38.1,FLA,52,151.24,9.84,4.09,1.46,114.09,10.13,3.56,1.44,28.64,8.9,1.29,0.68,8.51,9.54,0.61,0.32
SCOTT LAUGHTON,,C,32.0,L.A,64,149.92,9.79,3.02,1.22,128.38,10.05,2.7,1.09,2.94,7.75,0.32,0.23,18.6,8.63,1.01,0.65
ELIAS PETTERSSON,,D,22.3,VAN,70,149.79,8.57,3.07,1.16,139.39,8.68,3.01,1.16,0.52,9.19,0.09,0.09,9.88,7.24,0.41,0.26
JOEL ARMIA,,L,33.0,L.A,67,149.39,9.51,3.02,1.17,128.78,9.64,2.61,1.15,5.94,7.58,0.54,0.4,14.67,9.44,0.53,0.33
MATT DUCHENE,,C,35.4,DAL,57,148.98,9.5,3.49,1.51,129.63,9.63,3.16,1.51,19.2,8.71,1.04,0.61,0.15,9.93,0.04,0.04
TREVOR VAN RIEMSDYK,,D,34.9,WSH,68,148.78,8.08,2.81,1.05,135.28,8.26,2.68,1.01,0.52,6.56,0.14,0.14,12.98,6.67,0.48,0.35
WARREN FOEGELE,,L,30.2,OTT,68,148.32,9.5,2.96,1.04,133.36,9.7,2.78,1.03,5.8,8.31,0.53,0.33,9.17,7.88,0.55,0.29
LINUS KARLSSON,,R,26.5,VAN,79,148.23,9,2.72,1.03,134.11,9.15,2.47,1.03,13.85,7.76,0.52,0.49,0.27,8.02,0.1,0.09
MATTHEW WOOD,,C,21.3,NSH,71,148.07,10.16,2.98,1.14,131.33,10.31,2.98,1.1,16.69,9.06,0.63,0.51,0.05,8.77,0.03,0.03
BECK MALENSTYN,,R,28.3,BUF,81,147.75,9.73,2.63,1.22,126.33,9.92,2.33,1.22,0,0,0.16,0.16,20.98,8.64,0.79,0.45
JOEL HANLEY,,D,35.0,CGY,68,147.74,8.89,3.12,1.2,139.62,9,3.01,1.2,0.31,9.83,0.06,0.06,7.82,7.25,0.38,0.23
ADAM WILSBY,,D,25.8,NSH,58,147.73,8.99,3.28,1.24,140.13,9.08,3.23,1.24,0.28,8.89,0.06,0.06,7.31,7.43,0.57,0.34
JESPER BOQVIST,,R,27.6,FLA,73,147.2,10.23,2.98,1.12,134.22,10.31,2.73,1.09,5.72,10.2,0.72,0.56,7.26,8.97,0.61,0.37
NICK BLANKENBURG,,D,28.1,COL,61,147.08,8.61,3.27,1.36,123.88,8.67,2.95,1.2,12.96,8.99,0.64,0.45,10.25,7.62,0.58,0.37
SAM RINZEL,,D,21.9,CHI,54,146.94,8.93,3.83,1.52,129.16,8.95,3.41,1.35,16.31,8.88,1.02,0.7,1.47,8.04,0.55,0.27
LOGAN COOLEY,,C,22.1,UTA,54,146.5,9.39,3.56,1.39,124.1,9.66,3.05,1.16,18.04,7.94,0.97,0.49,4.35,9.21,0.41,0.32
JASON ZUCKER,,L,34.4,BUF,62,146.03,9.05,3.12,1.21,120.65,9.53,2.89,1.1,25.34,7.3,0.87,0.51,0.04,10.23,0.03,0.03
JEFF PETRY,,D,38.5,MIN,67,145.75,8.84,3.36,1.22,132.82,8.91,2.72,1.12,6.92,9.28,0.71,0.56,6.01,7.25,0.4,0.25
BERKLY CATTON,,L,20.4,SEA,66,145.33,10.21,3.4,1.45,135.82,10.22,3.32,1.33,9.49,10.11,0.73,0.52,0.01,0,0.01,0.01
TYLER TUCKER,,D,26.3,STL,69,144.94,8.78,3.02,1.19,136.26,8.95,2.94,1.11,0.39,9.82,0.23,0.23,8.29,6.62,0.36,0.24
JONATHAN ASPIROT,,D,27.1,BOS,61,144.37,8.48,3.12,1.36,136.41,8.6,2.96,1.36,0.25,11.13,0.07,0.07,7.71,6.85,0.4,0.27
DREW HELLESON,,D,25.2,ANA,60,143.6,8.46,3.13,1.26,132.7,8.62,3.1,1.19,0.86,10.17,0.24,0.24,10.04,6.76,0.62,0.38
TYSON JOST,,R,28.2,NSH,69,142.87,10.01,3.08,1.18,129.1,10.2,2.72,1.15,0.23,8.08,0.1,0.1,13.54,8.52,0.69,0.38
SPENCER STASTNEY,,D,26.4,EDM,66,142.44,8.35,2.87,1.23,130.7,8.49,2.64,1.11,0.5,8.07,0.13,0.13,11.24,7.06,0.46,0.32
BARCLAY GOODROW,,L,33.3,S.J,82,142.41,9.18,2.67,0.95,120.12,9.38,2.26,0.9,0.79,10.39,0.16,0.16,21.5,8.18,0.73,0.45
BRADY TKACHUK,,L,26.7,OTT,60,141.95,8.37,2.9,1.25,121.16,8.9,2.6,1.21,20.26,6.18,0.93,0.58,0.53,7.21,0.21,0.21
KAAPO KAKKO,,R,25.3,SEA,65,141.85,9.18,2.73,1.24,128.18,9.24,2.73,1.06,13.61,8.66,0.53,0.42,0.05,7.2,0.05,0.05
JAKE WALMAN,,D,30.3,EDM,53,141.62,8.55,3.47,1.31,129.95,8.62,3.25,1.25,5.61,9.05,0.84,0.45,6.06,6.96,0.4,0.27
BRANDON CARLO,,D,29.5,TOR,55,141.32,7.96,3.21,1.28,124.23,8.22,3.21,1.19,0.17,7.08,0.04,0.04,16.92,6.46,0.79,0.49
FEDOR SVECHKOV,,C,23.2,NSH,70,141.29,10.03,2.75,1.28,134.55,10.06,2.65,1.28,3.11,10.29,0.49,0.24,3.64,8.78,0.39,0.29
BRENDAN GALLAGHER,,R,34.1,MTL,77,141.2,8.91,2.33,0.97,128.78,9.13,2.24,0.97,12.4,7.1,0.66,0.41,0.02,8.54,0.01,0.01
JONATHAN HUBERDEAU,,L,33.0,CGY,50,141.09,9.34,3.41,1.34,116.36,9.82,2.92,1.18,17.64,7.27,0.81,0.51,7.08,8.54,0.54,0.35
BRETT HOWDEN,,L,28.2,VGK,58,141.02,9.79,3.09,1.16,126,9.87,2.77,1.14,5.85,9.34,0.46,0.27,9.16,9.18,0.48,0.41
NOAH OSTLUND,,C,22.2,BUF,60,140.5,10.06,3.05,1.31,128.16,10.18,2.86,1.31,11.81,8.87,0.77,0.6,0.53,11.25,0.11,0.11
ADAM KLAPKA,,R,25.7,CGY,79,140.3,10.02,2.65,1.11,135.63,10.1,2.65,1.11,4.64,8.22,0.57,0.25,0,0,0.02,0.02
MASON APPLETON,,R,30.4,DET,65,139.6,9.53,2.86,1.24,127.95,9.68,2.78,1.16,0.85,10.46,0.09,0.08,10.81,8.01,0.53,0.32
PAUL COTTER,,L,26.5,N.J,79,139.52,9.92,2.72,1.25,137.24,9.94,2.56,1.25,2.11,9.37,0.44,0.41,0.17,7.64,0.05,0.05
ADAM HENRIQUE,,C,36.3,EDM,65,139.45,9.73,2.89,1.25,117.8,9.91,2.62,1.06,5.83,8.86,0.5,0.27,15.83,8.82,0.78,0.36
CALUM RITCHIE,,R,21.4,NYI,65,139.39,9.56,2.83,1.32,122.52,9.92,2.55,1.32,16.87,7.56,0.81,0.47,0,0,0,0
OSKAR BACK,,C,26.2,DAL,72,138.92,9.37,2.64,1.06,114.96,9.55,2.47,0.9,0.27,9.87,0.04,0.04,23.69,8.58,0.7,0.5
COREY PERRY,,R,41.1,T.B,72,138.68,8.45,2.65,1.17,121.67,8.94,2.54,1.17,17,6.09,0.67,0.45,0.02,5.47,0.02,0.02
IAN MOORE,,D,24.4,ANA,67,138.19,9.05,3.13,1.28,132.44,9.09,3.01,1.28,0.66,11.45,0.17,0.17,5.09,8.08,0.47,0.38
RYAN WINTERTON,,R,22.7,SEA,68,137.86,10.15,2.59,1.05,127.97,10.28,2.48,1,0,0,0.11,0.1,9.38,8.63,0.5,0.36
NOEL ACCIARI,,R,34.5,PIT,67,137.83,9,2.7,1.09,116.29,9.42,2.65,1.03,0.48,5.96,0.11,0.11,21.06,7.3,0.9,0.59
CONOR SHEARY,,R,34.0,NYR,62,136.76,9.39,3.02,1.17,123.24,9.44,2.77,1.11,8.85,9.53,0.55,0.41,4.67,8.07,0.3,0.19
STEVEN LORENTZ,,L,30.1,TOR,71,136.62,9.73,2.67,1.02,113.73,9.99,2.4,0.98,0.12,8.5,0.03,0.03,22.78,8.62,0.8,0.55
MATHIEU OLIVIER,,R,29.3,CBJ,61,136.19,9.41,2.96,1.09,129.47,9.53,2.75,1.09,0,0,0.12,0.12,6.37,7.5,0.56,0.33
EMIL ANDRAE,,D,24.3,TOR,61,135.84,8.71,3.27,1.37,130.85,8.72,3.27,1.23,3.49,8.84,0.39,0.34,1.5,7.85,0.25,0.22
DAVID PERRON,,R,38.0,DET,65,135.53,9.22,2.68,1.23,120.68,9.55,2.51,1.23,14.61,7.15,0.64,0.38,0,0,0.07,0.07
BRANDON DUHAIME,,L,29.0,WSH,82,134.99,8.92,2.45,1.11,123.49,9.12,2.28,1.11,0.52,6.76,0.15,0.15,10.97,7.24,0.65,0.32
COLIN BLACKWELL,,R,33.2,DAL,70,134.44,9.69,2.39,1,113.09,9.87,2.14,0.86,0.1,10.01,0.04,0.04,21.25,8.83,0.62,0.37
VLADISLAV NAMESTNIKOV,,C,33.5,WPG,60,134.36,9.75,3.03,1.14,114.17,9.83,2.74,1.04,14.85,10.11,0.67,0.35,5.34,7.76,0.37,0.28
ISAC LUNDESTROM,,R,26.6,CBJ,68,134.25,9.56,2.68,1.11,120.19,9.72,2.48,0.98,0.51,9.93,0.24,0.24,13.54,8.35,0.75,0.47
MARCO ROSSI,,C,24.7,VAN,50,134.23,9.22,3.92,1.28,116.11,9.55,3.08,1.14,15.07,7.5,0.72,0.42,3.05,7.83,0.41,0.37
NINO NIEDERREITER,,L,33.7,WPG,61,134.12,9.58,2.76,1.08,121.01,9.74,2.61,1.04,13.09,8.32,0.54,0.34,0,0,0.02,0.02
TRENT FREDERIC,,R,28.3,EDM,74,133.99,9.84,2.67,1.2,132.64,9.85,2.67,1.2,1.35,8.9,0.27,0.15,0,0,0,0
COLTON SISSONS,,R,32.6,VGK,66,132.96,9.67,2.72,1.09,115.25,9.92,2.36,1.08,4.02,7.63,0.35,0.2,13.69,8.53,0.54,0.38
MORGAN BARRON,,C,27.5,WPG,65,132.74,9.57,2.7,1.06,116.63,9.88,2.44,1.04,0.39,9.58,0.05,0.05,15.72,7.76,0.68,0.4
MAX SASSON,,L,25.7,VAN,66,132.21,10.26,2.76,1.06,126.32,10.29,2.76,1.02,4.47,10.02,0.59,0.37,1.42,8.6,0.2,0.15
JADEN SCHWARTZ,,R,33.9,SEA,50,131.98,9.81,3.38,1.28,113.98,10.01,3.07,1.18,12.03,8.81,0.72,0.44,5.97,8.57,0.52,0.41
COLE SMITH,,L,30.6,VGK,63,130.84,9.38,2.81,1.03,113.14,9.54,2.51,1.03,0.3,8.88,0.09,0.08,17.39,8.46,0.8,0.46
JARED MCCANN,,L,30.0,SEA,52,130.35,9.15,2.9,1.15,110.84,9.49,2.76,1.05,18.66,7.54,1.01,0.54,0.85,9.35,0.14,0.13
JACOB BERNARD-DOCKER,,D,25.9,DET,63,130.12,8.37,3.04,1.19,120.57,8.59,2.83,1.13,0.18,10.39,0.06,0.06,9.37,6.27,0.43,0.3
RASMUS RISTOLAINEN,,D,31.6,PHI,44,128.84,8.22,3.84,1.48,112.36,8.34,3.56,1.37,8.53,8.74,1.19,0.51,7.95,6.47,0.36,0.35
SAM CARRICK,,C,34.3,BUF,73,128.2,10.06,2.78,1.05,117.06,10.17,2.54,1,0,0,0.05,0.05,10.89,9.02,0.53,0.33
VINCENT DESHARNAIS,,D,30.0,S.J,53,127.86,7.96,3.05,1.28,109.68,8.33,2.87,1.19,0.29,9.27,0.1,0.1,17.88,6.28,0.79,0.49
UVIS BALINSKIS,,D,29.8,FLA,54,127.77,8.67,3.6,1.39,115.38,8.76,3,1.14,9.46,8.41,1.24,0.61,2.94,6.7,0.24,0.21
ANDREW MANGIAPANE,,L,30.2,CHI,62,127.54,9.89,3.25,1.13,123.63,9.95,3.01,1.13,0.97,6.05,0.25,0.25,2.94,9.37,0.36,0.26
TIMOTHY LILJEGREN,,D,27.1,WSH,47,127.35,8.19,3.54,1.29,111.05,8.39,3.18,1.19,5.75,9.15,0.45,0.29,10.55,6.25,0.56,0.5
TAYLOR RADDYSH,,L,28.3,NYR,68,127.18,9.48,2.79,1.1,115.12,9.53,2.72,1.1,4.37,9.64,0.37,0.27,7.68,8.64,0.52,0.3
JUSTIN BRAZEAU,,R,28.3,PIT,64,127.14,9.42,2.58,1.03,118.31,9.55,2.45,1.03,8.79,7.98,0.49,0.24,0.04,5.73,0.04,0.03
DMITRI VORONKOV,,L,25.7,CBJ,63,126.54,8.65,2.73,1.07,113.2,9.05,2.55,1.06,13.29,6.28,0.57,0.44,0.05,6.41,0.03,0.03
TYE KARTYE,,L,25.1,NYR,64,126.26,9.89,2.9,1.1,113.1,9.99,2.5,1.03,0,0,0.12,0.12,12.65,9.08,0.84,0.51
JAMIE BENN,,R,36.9,DAL,60,125.82,9.47,2.73,1.21,114.53,9.73,2.67,1.02,11.01,7.37,0.83,0.45,0.28,11.04,0.15,0.15
AATU RATY,,R,23.6,VAN,66,125.47,9.49,2.78,1.12,115.79,9.55,2.52,0.98,1.12,8.42,0.16,0.16,8.57,8.84,0.37,0.28
NILS LUNDKVIST,,D,25.9,DAL,52,125.22,8.77,3.03,1.18,123.79,8.78,3,1.16,0.79,8.78,0.21,0.15,0.64,7.33,0.18,0.15
MICHAEL RASMUSSEN,,C,27.1,DET,64,125.02,9.27,2.42,0.94,112.18,9.51,2.24,0.94,1.88,7.64,0.45,0.21,10.95,7.56,0.46,0.29
JAMES VAN RIEMSDYK,,L,37.1,DET,72,124.41,8.82,2.51,1.01,110.59,9.3,2.25,1,13.82,6.25,0.53,0.31,0,0,0,0
RYAN MCDONAGH,,D,37.0,T.B,48,124.02,8.05,3.3,1.22,106.91,8.35,2.85,1.14,0.9,8.16,0.23,0.13,16.21,6.51,1,0.63
SHAKIR MUKHAMADULLIN,,D,24.4,S.J,50,123.84,8.67,3.5,1.32,115.55,8.84,3.38,1.22,0.46,9.15,0.11,0.11,7.83,6.71,0.47,0.3
BLAKE LIZOTTE,,C,28.5,PIT,55,123.69,9.73,2.78,1.09,103.33,9.95,2.44,1.03,0.38,6.97,0.15,0.15,19.98,8.77,0.96,0.78
RADKO GUDAS,,D,36.0,ANA,56,123.68,8.19,3.2,1.24,113.21,8.35,3.13,1.17,0.27,8.15,0.11,0.11,10.19,6.77,0.72,0.43
LARS ELLER,,C,37.1,OTT,68,123.59,9.53,2.71,1.22,110.7,9.71,2.4,1.16,4.38,8.2,0.71,0.44,8.5,8.21,0.62,0.39
VINNIE HINOSTROZA,,R,32.2,FLA,65,123.57,10.43,3.28,1.19,118.26,10.44,2.99,1.14,5.27,10.26,0.51,0.48,0,0,0.04,0.04
ERIC ROBINSON,,R,31.0,CAR,67,123.52,9.68,2.76,1.03,113.69,9.84,2.65,1.03,0.42,8.06,0.31,0.3,9.41,8.16,0.49,0.33
ALEXEY TOROPCHENKO,,L,26.9,STL,65,123.46,9.5,2.42,0.94,108.44,9.7,2.35,0.94,0.28,7.98,0.1,0.1,14.74,8.3,0.58,0.37
MARK JANKOWSKI,,C,31.7,CAR,68,122.46,9.69,2.83,1.07,109.94,9.81,2.58,0.98,2.47,8.18,0.23,0.15,10.06,8.92,0.42,0.29
GABE PERREAULT,,L,21.1,NYR,49,121.72,9.32,3.04,1.24,112.49,9.39,2.85,1.16,9.23,8.59,0.71,0.42,0,0,0,0
ADAM GAUDETTE,,R,29.7,S.J,66,120.98,9.59,2.6,1.03,111.44,9.67,2.47,0.98,9.42,8.68,0.68,0.43,0.12,10.36,0.1,0.1
ANTHONY DUCLAIR,,L,30.8,NYI,62,120.71,8.85,2.75,1.14,111.3,9.02,2.41,0.94,9.39,7.19,0.9,0.58,0.02,6.92,0.02,0.02
EMIL LILLEBERG,,D,25.3,T.B,50,119.47,8.28,3.33,1.16,110.26,8.45,3.22,1.16,0.19,8.46,0.06,0.06,9.02,6.7,0.63,0.38
WILLIAM CARRIER,,L,31.5,CAR,70,119.05,9.49,2.53,1.1,118.2,9.49,2.53,1.1,0.38,11.17,0.06,0.06,0.46,8.52,0.13,0.13
JOE VELENO,,C,26.4,MTL,61,117.7,9.57,2.64,1.44,103.64,9.69,2.51,1.44,0,0,0.25,0.25,13.37,8.61,0.73,0.53
CONNOR CLIFTON,,D,31.1,PIT,50,117.11,8.38,3.29,1.18,105.31,8.6,3.03,1.09,0.06,6.63,0.02,0.02,11.74,6.85,0.69,0.52
COLTON DACH,,L,23.4,EDM,61,117.05,10.03,2.76,1.07,110.47,10.15,2.76,1.07,6.34,8.31,0.51,0.31,0.24,9.85,0.18,0.11
ETHEN FRANK,,R,28.3,WSH,62,116.79,9.24,2.75,1.13,102.23,9.23,2.62,1.01,14.44,9.37,0.69,0.48,0.13,5.18,0.08,0.08
RYAN STROME,,C,32.9,CGY,52,116.69,10.13,3.36,1.21,106.64,10.3,3.18,1.12,9.4,8.64,0.47,0.31,0.64,8.63,0.17,0.17
GARNET HATHAWAY,,R,34.5,PHI,66,116.57,10.19,2.24,0.98,104.25,10.28,2.08,0.93,0.29,7.93,0.11,0.11,12.02,9.52,0.47,0.45
BRAEDEN BOWMAN,,R,22.9,VGK,54,115.67,9.1,3,1.11,107.9,9.35,2.92,1.11,7.7,6.6,0.58,0.31,0,0,0.05,0.05
ALEXANDER PETROVIC,,D,34.3,DAL,54,113.85,8.24,2.97,1.22,110.9,8.28,2.9,1.22,0.06,7.41,0.04,0.04,2.88,6.87,0.38,0.26
ILYA LYUBUSHKIN,,D,32.2,DAL,53,113.85,8.19,2.76,1.11,105.04,8.34,2.68,1.03,0.12,9.57,0.03,0.03,8.69,6.69,0.54,0.33
JAYDEN STRUBLE,,D,24.7,MTL,59,113.4,8.23,2.66,1.13,112.47,8.24,2.65,1.13,0.09,7.38,0.06,0.06,0.84,6.75,0.27,0.17
JONATAN BERGGREN,,L,25.9,STL,51,112.76,9.6,2.97,1.15,104.55,9.72,2.78,1.1,8.14,8.22,0.61,0.47,0,0,0.07,0.07
JACCOB SLAVIN,,D,32.1,CAR,39,112.44,8.12,3.52,1.3,99.07,8.29,3.34,1.22,0.49,8.47,0.1,0.1,12.89,6.97,0.68,0.38
ANDREI KUZMENKO,,R,30.3,L.A,52,112.38,8.69,3.11,1.18,94.5,9.14,2.67,1.08,17.88,6.9,0.75,0.63,0,0,0,0
NICK PAUL,,R,31.2,T.B,51,112.24,9.65,3.41,1.47,100.4,9.79,2.76,1.06,8.82,8.54,0.78,0.54,3.02,8.73,0.49,0.24
RADEK FAKSA,,C,32.4,DAL,58,111.72,9.85,2.59,1.07,92.8,10.06,2.19,0.88,0.18,10.65,0.05,0.05,18.73,8.9,0.72,0.42
HENDRIX LAPIERRE,,L,24.3,WSH,74,111.69,10.25,2.46,1.19,110.12,10.27,2.45,1.18,1.54,9.34,0.42,0.23,0.03,4.33,0.03,0.03
LUKE GLENDENING,,L,37.1,PHI,70,111.26,9.05,2.32,1.01,96.68,9.37,1.96,0.91,0.46,10.05,0.16,0.16,14.13,7.33,0.48,0.32
COLE KOEPKE,,R,28.0,WPG,66,111.17,9.66,2.51,1,94.21,9.89,2.27,0.86,0.09,7.08,0.02,0.02,16.87,8.59,1.05,0.43
KAILER YAMAMOTO,,L,27.7,UTA,59,111.16,9.58,2.69,1.27,106.38,9.57,2.69,1.27,4.08,10.04,0.68,0.5,0.69,9.22,0.18,0.12
NICK BJUGSTAD,,R,33.9,N.J,61,111.15,10,2.57,0.98,104.78,10.16,2.52,0.92,0.6,7.93,0.16,0.15,5.77,7.89,0.4,0.24
ALEX TURCOTTE,,C,25.3,L.A,62,111.12,9.93,2.7,1.08,108.28,9.97,2.59,1.08,2.75,8.84,0.44,0.34,0.09,8.9,0.07,0.07
OLLI MAATTA,,D,31.8,CGY,43,111.07,9,4.26,1.48,104.54,9.19,3.57,1.48,0.21,7.48,0.06,0.06,6.32,6.74,0.68,0.32
OLIVER MOORE,,L,21.4,CHI,51,110.77,10.15,3.02,1.07,100.54,10.29,3.02,1.04,8.03,8.86,0.61,0.38,2.2,9.17,0.5,0.28
PHILIPP KURASHEV,,C,26.6,S.J,43,110.65,9.97,3.88,1.53,93.84,10.04,3.17,1.38,13.13,9.94,0.81,0.54,3.68,8.46,0.3,0.25
JOSH NORRIS,,C,27.1,BUF,44,110.61,9.53,3.09,1.32,90.65,9.88,2.5,1.04,19.68,8.18,1.04,0.6,0.28,10.01,0.19,0.13
BEN HUTTON,,D,33.1,VGK,55,110.15,8.24,2.94,1.22,107.98,8.22,2.9,1.22,2.05,9.33,0.34,0.18,0.12,6.21,0.09,0.09
LIAN BICHSEL,,D,22.0,DAL,50,109.74,8.41,3,1.17,104.15,8.48,2.95,1.17,0.08,8.84,0.04,0.04,5.51,7.21,0.46,0.22
JUSTIN BARRON,,D,24.5,NSH,52,108.94,8.82,3.07,1.2,104.25,8.83,3.07,1.2,2.21,10.42,0.51,0.42,2.47,7.33,0.45,0.28
MARCUS FOLIGNO,,L,34.8,MIN,56,108.5,9.05,2.51,1.04,97.42,9.26,2.37,0.91,1.03,7.85,0.39,0.2,10.06,7.54,0.54,0.33
ALEXANDRE TEXIER,,L,26.7,MTL,51,108.33,9.33,2.88,1.11,98.86,9.35,2.88,1.05,7.81,9.37,0.57,0.42,1.66,8.54,0.24,0.24
BEN MEYERS,,C,27.6,SEA,52,107.13,10.35,2.72,1.06,94.79,10.65,2.45,0.97,0.52,9.97,0.16,0.16,11.82,8.47,0.75,0.4
NOAH JUULSEN,,D,29.2,PHI,52,106.96,8.93,3.09,1.28,97.73,9.14,2.97,1.28,0.03,6.53,0.03,0.03,9.2,7.21,0.47,0.39
HENRI JOKIHARJU,,D,27.0,BOS,41,106.94,8.79,3.2,1.38,98.72,8.86,3.18,1.27,3.6,9,0.41,0.22,4.61,7.41,0.38,0.2
DAKOTA JOSHUA,,L,30.1,TOR,55,106.54,9.49,2.45,0.98,100.4,9.6,2.39,0.92,1.77,7.36,0.31,0.24,4.37,8.34,0.36,0.25
BRANDON SAAD,,L,33.6,VGK,49,106.38,9.73,3.16,1.26,99.31,9.76,3.06,1.26,0.36,11.76,0.16,0.16,6.72,9.21,0.47,0.29
ELMER SODERBLOM,,L,24.9,PIT,59,105.9,9.69,2.41,1,103.7,9.71,2.29,1,1.72,10,0.36,0.28,0.49,6.92,0.28,0.18
NIKOLAS MATINPALO,,D,27.7,OTT,50,105.87,8.13,3.11,1.23,97.63,8.32,2.85,1.23,0.03,8.37,0.02,0.02,8.2,6.39,0.49,0.32
KAIDEN GUHLE,,D,24.4,MTL,39,104.52,8.26,3.48,1.34,97.21,8.43,3.07,1.34,0.14,10.5,0.03,0.03,7.17,6.52,0.46,0.26
GUSTAV NYQUIST,,L,36.8,WPG,51,104.28,9.68,2.72,1.17,86.85,9.82,2.47,0.9,13.5,8.93,0.61,0.37,3.94,9.32,0.46,0.42
COLE REINHARDT,,L,26.3,FLA,59,104.18,9.95,2.66,1.11,102.88,9.97,2.62,1.04,0.4,6.53,0.19,0.19,0.91,9.62,0.21,0.2
ARBER XHEKAJ,,D,25.3,MTL,65,103.85,8.39,2.86,1.07,101.52,8.44,2.83,1.07,0,0,0.1,0.1,2.15,6.42,0.28,0.23
TY DELLANDREA,,R,25.9,S.J,46,102.55,9.43,2.96,1.14,85.82,9.8,2.53,1.05,1.07,9.65,0.19,0.19,15.67,7.78,1.01,0.6
OSKAR SUNDQVIST,,C,32.2,STL,52,102.17,9.09,2.47,1.11,86.6,9.42,2.2,0.89,5.94,7.67,0.87,0.38,9.63,7.6,0.56,0.32
JONNY BRODZINSKI,,R,33.0,NYR,55,101.54,9.92,2.72,1.02,95.62,9.91,2.6,1.02,5.92,10.07,0.52,0.31,0,0,0,0
CALLE JARNKROK,,R,34.7,TOR,56,101.17,9.16,2.61,1.03,83.5,9.5,2.27,0.88,1.61,7.31,0.31,0.29,16.06,7.87,0.75,0.56
NIKITA GREBENKIN,,L,23.1,PHI,55,101.13,9.77,2.68,1.06,99.28,9.78,2.33,1,1.78,9.5,0.55,0.42,0,0,0.05,0.05
MILES WOOD,,L,30.7,CBJ,54,101.11,9.48,3.04,1.1,94.94,9.52,2.65,1.1,0.3,8.32,0.15,0.15,5.87,8.8,0.44,0.33
NICK FOLIGNO,,L,38.6,MIN,54,100.75,8.85,2.76,0.99,85.74,9.19,2.57,0.99,6.56,6.91,0.69,0.28,8.44,7.67,0.94,0.52
MATHIEU JOSEPH,,R,29.3,L.A,51,100.52,9.87,2.52,1.04,94.62,9.95,2.39,1.03,0.28,8.6,0.15,0.1,5.63,8.72,0.61,0.34
BRETT PESCE,,D,31.6,N.J,37,99.79,7.97,3.27,1.27,89.47,8.19,3.02,1.16,0.41,7.11,0.13,0.13,9.92,6.43,0.54,0.3
CONOR TIMMINS,,D,27.7,BUF,39,99.71,8.18,3.28,1.39,86.74,8.49,2.87,1.39,0.06,6.07,0.03,0.03,12.92,6.56,0.88,0.51
ROSS JOHNSTON,,L,32.3,ANA,62,99.53,9.89,2.19,1.01,99.07,9.87,2.19,0.88,0,0,0.15,0.15,0.01,0,0.01,0.01
ZACK OSTAPCHUK,,C,23.0,S.J,59,99.26,10,2.24,0.99,89.81,10.26,2.04,0.86,0,0,0.16,0.16,8.99,7.91,0.58,0.4
DAVID KAMPF,,C,31.4,WSH,40,98.26,10.01,3.01,1.12,89.63,10.16,2.83,1.12,0.32,11.65,0.09,0.09,8.31,8.54,0.72,0.38
MAX SHABANOV,,L,25.7,NYI,44,97.78,9.74,3.73,1.34,87.3,9.87,3.01,1.17,10.48,8.81,0.73,0.36,0,0,0,0
MICHAEL MISA,,C,19.3,S.J,45,97.73,10.17,2.96,1.14,90.21,10.34,2.67,1.14,7.45,8.52,0.64,0.37,0.06,9.44,0.04,0.04
MICHAEL EYSSIMONT,,R,29.7,BOS,56,97.43,9.57,2.62,1.08,91.92,9.64,2.29,0.96,5.27,8.59,0.58,0.33,0.24,6.72,0.14,0.14
KYLE MACLEAN,,L,27.1,NYI,59,97.21,9.4,2.16,0.94,95.83,9.43,2.16,0.94,0.28,7.8,0.1,0.1,1.09,7.77,0.24,0.17
KASPERI KAPANEN,,R,29.9,EDM,41,96.17,9.65,3,1.28,89.03,9.77,2.87,1.28,1.69,9.55,0.27,0.27,5.45,7.99,0.44,0.35
ZAYNE PAREKH,,D,20.3,CGY,37,95.69,9.05,3.56,1.45,81.94,9,3.05,1.45,13.67,9.38,1.13,0.64,0.07,8.47,0.03,0.03
ALEX NEWHOOK,,L,25.3,MTL,42,95.12,9.38,2.8,1.07,82.99,9.47,2.44,0.97,6.77,9.47,0.81,0.47,5.36,8.08,0.48,0.34
LUKE KUNIN,,C,28.5,FLA,62,94.94,9.49,2.89,1.04,86.22,9.68,2.61,1.02,0.48,8.72,0.11,0.11,8.24,7.94,0.86,0.54
LANDON SLAGGERT,,R,23.9,CHI,53,94.83,10.17,2.58,1,86.11,10.24,2.4,0.94,0,0,0.15,0.15,8.53,9.37,0.56,0.31
CARL GRUNDSTROM,,L,28.5,PHI,47,94.65,10.2,2.65,1.12,89.14,10.27,2.56,1.12,0.23,10.87,0.06,0.06,5.28,9.09,0.42,0.32
DENVER BARKEY,,C,21.1,PHI,43,94.56,9.84,2.99,1.1,83.49,9.88,2.99,1.08,11.04,9.57,1.07,0.44,0.03,8.85,0.03,0.03
TANNER PEARSON,,L,33.8,BUF,56,94.55,9.35,2.52,0.99,86.03,9.51,2.36,0.99,1.21,7.07,0.42,0.22,7.32,8.15,0.32,0.21
GAVIN BRINDLEY,,R,21.7,COL,56,92.28,10.35,2.61,1.13,81.61,10.34,2.41,1.1,10.13,10.43,0.76,0.44,0.53,11,0.14,0.14
MIKE REILLY,,D,32.9,CAR,42,91.21,8.71,3.3,1.34,85.14,8.76,3.11,1.32,0.83,9.82,0.47,0.31,5.24,7.81,0.81,0.5
FRANK VATRANO,,R,32.2,ANA,50,91.07,9.24,2.8,1.16,80.01,9.35,2.44,1.06,5.3,8.5,0.52,0.35,5.76,8.56,0.58,0.27
TEDDY BLUEGER,,C,31.8,VAN,35,90.63,9.41,3.16,1.27,80.72,9.53,2.81,1.09,0.61,9.13,0.23,0.23,9.3,8.52,0.67,0.37
MATVEI GRIDIN,,L,20.3,CGY,37,90.09,9.63,3.04,1.22,80.71,9.91,2.89,1.1,9.26,7.74,0.74,0.42,0.11,8.07,0.07,0.07
JOEL KIVIRANTA,,R,30.2,COL,51,90.01,10.21,2.4,1.02,81.24,10.31,2.4,1.02,0.41,8.15,0.25,0.25,8.37,9.43,0.36,0.31
ERIK GUDBRANSON,,D,34.4,CBJ,37,89.58,8.17,3.32,1.41,78.83,8.51,3.18,1.41,0,0,0.11,0.11,10.62,6.27,0.75,0.46
LUKE SCHENN,,D,36.6,BUF,50,89.36,7.85,2.3,0.93,80.26,8,2.11,0.92,0,0,0.02,0.02,9.05,6.69,0.38,0.27
VICTOR HEDMAN,,D,35.5,T.B,33,89.23,8.6,3.86,1.48,70.79,8.78,3.07,1.3,10,8.25,1.06,0.48,8.44,7.69,0.68,0.4
DECLAN CARLILE,,D,26.0,T.B,42,88.65,8.57,3.26,1.29,83.39,8.72,3.24,1.28,0.01,8.6,0.01,0.01,5.25,6.69,0.71,0.47
DONOVAN SEBRANGO,,D,24.4,FLA,42,87.62,8.29,2.93,1.15,83.33,8.33,2.87,1.15,0.17,8.98,0.09,0.09,4.13,7.57,0.51,0.43
BRANDON TANEV,,R,34.4,UTA,56,87.6,10.03,2.14,0.88,86.2,10.05,2.1,0.87,0,0,0.04,0.04,1.27,8.64,0.21,0.16
DANTON HEINEN,,R,30.9,CBJ,46,87.48,10.06,2.52,0.94,85.26,10.09,2.5,0.94,0.88,9.46,0.43,0.41,1.34,8.88,0.3,0.2
DOMINIC JAMES,,C,23.9,T.B,43,86.86,9.9,2.65,1.48,82.29,10,2.65,1.19,4,8.05,0.42,0.31,0,0,0.42,0.42
NATHAN WALKER,,R,32.3,STL,46,86.8,9.44,2.48,0.98,79.65,9.5,2.23,0.94,0.29,8.63,0.06,0.06,6.86,8.86,0.64,0.34
TYSON KOZAK,,C,23.4,BUF,46,86.3,9.98,2.71,1.16,79.8,10.12,2.62,1.14,0.41,11.93,0.1,0.06,6.1,8.45,0.72,0.36
JEFF MALOTT,,L,29.8,L.A,58,85.76,10.06,2.55,1.02,85.19,10.07,2.55,1.02,0.07,11.71,0.03,0.03,0.51,9.03,0.15,0.11
RYAN LOMBERG,,L,31.5,CGY,57,84.71,9.86,2.2,1.14,84.12,9.86,2.2,1.14,0.15,9.37,0.03,0.03,0.45,9.62,0.18,0.16
KIRBY DACH,,R,25.4,MTL,37,84.05,9.98,2.97,1.17,75.87,10.03,2.88,1.14,8.06,9.53,0.87,0.54,0.13,9.87,0.03,0.03
NICK DESIMONE,,D,31.5,UTA,40,83.88,8.85,3.01,1.28,83.22,8.88,3.01,1.28,0.22,11.8,0.18,0.15,0.43,5.38,0.12,0.1
JOEL NYSTROM,,D,24.1,CAR,38,83.68,8.7,3.03,1.35,78.07,8.8,2.94,1.35,0.31,8.92,0.22,0.18,5.3,7.49,0.52,0.33
ELIAS SALOMONSSON,,D,21.8,WPG,32,83.62,8.73,3.35,1.3,78.79,8.8,3.35,1.23,1.81,9.41,0.47,0.36,3.01,6.96,0.36,0.21
NICK LARDIS,,R,20.9,CHI,41,83.2,9.61,2.78,1.03,74.62,9.73,2.4,1.03,8.57,8.69,0.6,0.33,0.02,9.21,0.02,0.02
ZACH BOGOSIAN,,D,35.9,MIN,41,82.75,8.33,2.74,1,78.97,8.41,2.49,1,0.22,7.87,0.13,0.13,3.56,6.85,0.27,0.27
JEFFREY VIEL,,R,29.3,ANA,45,82.62,9.23,2.55,1.08,81.56,9.24,2.47,1.08,0.96,8.9,0.3,0.17,0.1,5.96,0.09,0.09
JOHNATHAN KOVACEVIC,,D,28.9,N.J,34,82.32,8.13,2.87,1.21,75.72,8.23,2.72,1.21,0.25,11.02,0.08,0.05,6.35,7.04,0.54,0.4
NICO STURM,,C,31.1,MIN,49,82.28,9.21,2.44,0.89,71.88,9.62,2.09,0.87,0.11,9.06,0.09,0.09,10.29,7.1,0.53,0.28
MATTHEW TKACHUK,,R,28.5,FLA,31,81.96,8.67,3.49,1.28,67.94,9.13,3,1.12,12.64,6.84,1.11,0.65,1.38,8.21,0.27,0.19
VILLE KOIVUNEN,,L,23.0,PIT,39,81.57,9.85,2.93,1.11,75.85,9.89,2.93,1.11,5.71,9.36,0.6,0.27,0,4.81,0,0
MARC GATCOMB,,R,26.9,NYI,49,80.02,9.71,2.13,0.95,79.82,9.72,2.13,0.95,0.2,9.11,0.12,0.12,0,0,0,0
HUNTER BRZUSTEWICZ,,D,21.5,CGY,34,79.62,8.71,3.2,1.25,73.91,8.72,2.89,1.23,4.99,8.79,0.5,0.37,0.73,7.25,0.17,0.09
JACOB BRYSON,,D,28.5,WPG,50,79.53,8.78,2.42,0.97,77.92,8.83,2.37,0.97,0,0,0.02,0.02,1.58,6.97,0.51,0.34
PHILIPPE MYERS,,D,29.4,TOR,39,79.11,8.37,3.17,1.23,74.86,8.51,2.95,1.1,0.02,5.42,0.02,0.02,4.23,6.5,0.38,0.22
MAX CROZIER,,D,26.1,T.B,35,78.86,8.44,3.1,1.24,73.1,8.56,2.82,1.08,0.14,9.78,0.07,0.07,5.62,7.15,0.59,0.37
JORDAN GREENWAY,,L,29.3,BUF,40,78.66,9.48,2.65,1.09,69.27,9.82,2.54,1.08,0.14,11.73,0.07,0.07,9.25,7.51,0.54,0.38
ALEX STEEVES,,L,26.5,BOS,43,78.62,9.2,2.53,0.95,70.55,9.33,2.33,0.93,5.39,8.52,0.64,0.36,2.69,7.62,0.33,0.24
TIM WASHE,,C,24.8,ANA,39,78.52,10.02,2.79,1.1,67.05,10.18,2.79,1.1,0.13,9.54,0.05,0.05,11.34,9.21,0.72,0.59
JESPERI KOTKANIEMI,,C,25.9,CAR,42,77.84,9.8,2.84,1.11,74.97,9.8,2.73,1.11,1.9,9.85,0.49,0.4,0.97,9.57,0.24,0.18
PIERRE-LUC DUBOIS,,C,27.9,WSH,29,77.62,9.55,3.75,1.38,67.06,9.67,3.1,1.32,9.81,8.85,0.64,0.42,0.74,8.3,0.19,0.19
REID SCHAEFER,,L,22.7,NSH,47,77.39,10.25,2.38,0.94,76.64,10.27,2.38,0.94,0.06,8.65,0.02,0.02,0.69,8.57,0.19,0.19
MATTIAS JANMARK,,L,33.5,EDM,43,77.38,9.11,2.72,1.1,69.24,9.34,2.36,1.03,0.08,8.33,0.04,0.04,8.07,7.49,0.57,0.31
HAYDN FLEURY,,D,29.9,WPG,38,76.79,8.71,3.34,1.29,69.48,8.86,3.07,1.14,1.04,9.09,0.27,0.21,6.26,7.25,0.49,0.34
NICK LEDDY,,D,35.2,S.J,32,76.72,8.05,3.03,1.21,72.45,8.2,3.02,1.21,0.31,9.47,0.11,0.11,3.96,5.97,0.38,0.24
ADAM ERNE,,L,31.1,DAL,45,76.52,10.2,2.27,0.97,76.06,10.2,2.27,0.97,0.19,10.92,0.06,0.06,0.27,10.07,0.16,0.16
TYSON FOERSTER,,L,24.4,PHI,29,76.38,9.14,3.26,1.12,63.58,9.48,2.65,1.01,7.87,7.33,0.61,0.4,4.93,8.46,0.48,0.29
BRAYDEN PACHAL,,D,26.8,CGY,39,74.95,8.31,2.71,1.01,71.68,8.4,2.63,0.95,0.01,6.44,0.01,0.01,3.26,6.7,0.32,0.2
RODRIGO ABOLS,,C,30.4,PHI,42,74.26,10.1,2.45,1.18,69.72,10.15,2.4,1.11,0.22,8.11,0.06,0.06,4.32,9.49,0.38,0.3
NILS HOGLANDER,,R,25.5,VAN,38,73.65,10.09,2.59,1.01,72.29,10.09,2.59,0.99,1.36,10.52,0.35,0.35,0,5.36,0,0
JANSEN HARKINS,,C,29.0,ANA,44,73.3,10.42,2.66,1.11,71.25,10.46,2.51,1.11,1.54,9.13,0.3,0.3,0.5,9.91,0.38,0.2
STEFAN NOESEN,,L,33.3,N.J,38,72.21,9.7,2.59,1.18,63.59,9.95,2.4,1.18,8.27,8.09,0.79,0.43,0.35,10.3,0.2,0.2
MAXIM TSYPLAKOV,,R,27.7,N.J,49,71.52,9.6,2.25,0.94,70.48,9.59,2.25,0.93,1.04,10.67,0.3,0.21,0,4.46,0,0
ZAKHAR BARDAKOV,,C,25.3,COL,60,71.48,9.92,2.14,0.93,70.46,9.97,2.14,0.93,0.4,6.89,0.19,0.19,0.63,8.11,0.26,0.18
TYLER SEGUIN,,C,34.3,DAL,27,71.47,9.53,4,1.35,62.46,9.71,3.35,1.35,7.8,8.34,0.6,0.42,1.2,9.31,0.14,0.14
OTTO STENBERG,,L,21.0,STL,32,70.6,9.72,2.54,1.05,64.46,9.86,2.41,1.05,1.22,7.83,0.43,0.23,4.92,8.59,0.44,0.42
ALEXANDER KERFOOT,,L,31.8,UTA,34,70.59,9.74,2.82,1.08,60.95,9.89,2.59,0.92,1.9,8.52,0.33,0.18,7.74,9.01,0.55,0.31
ISAK ROSEN,,R,23.2,WPG,37,70.42,9.93,2.81,1.09,62.28,10.16,2.53,1.09,8.13,8.43,0.69,0.45,0,0,0,0
IGOR CHERNYSHOV,,L,20.5,S.J,28,69.74,9.92,3.19,1.28,64.71,9.96,2.84,1.13,4.94,9.33,0.5,0.35,0,0,0.08,0.08
KYLE PALMIERI,,R,35.3,NYI,25,69.29,8.81,3.26,1.21,53.45,9.52,2.71,1.04,10.34,6.77,0.79,0.39,5.5,7.59,0.47,0.41
JACK FINLEY,,C,23.8,STL,44,68.93,9.68,2.35,0.95,64.26,9.9,2.33,0.95,0.69,6.27,0.19,0.19,3.98,7.65,0.58,0.25
CURTIS LAZAR,,R,31.3,EDM,45,68.01,10.17,2.13,0.87,64.39,10.27,2.07,0.87,0.04,6.85,0.03,0.03,3.59,8.64,0.38,0.21
ZACH METSA,,D,27.6,BUF,43,67.56,8.6,2.41,1.08,65.95,8.66,2.28,1.06,0.24,9.04,0.22,0.22,1.37,6.2,0.44,0.22
SAMUEL HELENIUS,,C,23.5,L.A,53,67.39,9.56,1.92,0.76,67.15,9.56,1.92,0.76,0.17,9.78,0.03,0.03,0.07,7.42,0.04,0.03
MICHAEL KESSELRING,,D,26.4,S.J,34,66.99,8.83,2.8,1.13,63.76,8.95,2.8,1.13,0.01,11.2,0.01,0.01,3.22,6.96,0.39,0.3
OZZY WIESBLATT,,R,24.2,NSH,40,65.78,9.69,2.35,0.95,62.29,9.82,2.35,0.95,0.07,6.93,0.04,0.04,3.42,7.88,0.34,0.3
LENNI HAMEENAHO,,L,21.6,N.J,33,64.71,9.66,2.78,1.04,62.58,9.72,2.78,1.04,2.13,8.1,0.3,0.26,0,0,0,0
URHO VAAKANAINEN,,D,27.4,NYR,34,64.15,8.17,2.58,1.07,61.9,8.26,2.43,1.07,0.03,6.77,0.02,0.02,2.22,6.21,0.32,0.19
EGOR ZAMULA,,D,26.2,CBJ,33,63.96,8.9,3.3,1.24,62.17,8.96,3.08,1.13,0.01,6.37,0.01,0.01,1.78,7.31,0.39,0.17
SCOTT MORROW,,D,23.6,NYR,29,63.75,8.42,3.03,1.09,57.47,8.36,2.34,1.01,6.21,8.96,0.8,0.52,0.08,7.71,0.05,0.05
JEFF SKINNER,,L,34.0,,32,62.84,9.55,2.6,1.18,54.58,9.66,2.31,0.92,8.26,8.84,0.62,0.39,0,0,0,0
PIERRE-OLIVIER JOSEPH,,D,26.9,VAN,31,61.61,8.96,2.44,1,58.83,8.89,2.44,1,0.23,9.87,0.09,0.09,2.55,10.76,0.72,0.3
LUKAS REICHEL,,L,24.0,BOS,29,61.51,10.22,3.15,1.14,59.09,10.28,2.8,1.14,2.28,9,0.45,0.32,0.15,10.61,0.07,0.07
RYAN REAVES,,R,39.4,S.J,50,61.27,9.42,1.82,0.74,61.13,9.43,1.82,0.74,0.12,7.65,0.04,0.04,0.02,2.34,0.02,0.02
ALEC REGULA,,D,25.8,EDM,29,60.67,8.68,3.1,1.15,57.65,8.75,2.97,1.15,0.07,11.9,0.07,0.07,2.96,7.48,0.31,0.23
DMITRI SIMASHEV,,D,21.3,UTA,28,60.61,8.6,2.98,1.18,59.98,8.62,2.98,1.18,0.09,8.79,0.04,0.04,0.55,6.65,0.12,0.12
VINCENT IORIO,,D,23.6,NYR,27,60.06,8.48,3.37,1.3,56.28,8.67,2.92,1.03,0.2,8.73,0.09,0.09,3.58,6.34,0.45,0.29
KYLE CAPOBIANCO,,D,28.8,DAL,33,59.98,8.99,2.53,1.09,57.86,8.98,2.35,0.97,2.09,9.42,0.41,0.27,0.04,7.21,0.03,0.03
DANIIL BUT,,R,21.3,UTA,29,59.8,9.92,2.44,1.02,54.46,10.13,2.22,0.95,5.32,8.17,0.45,0.32,0.02,7.19,0.02,0.02
KEVIN HAYES,,C,34.1,PIT,28,59.61,10.24,3.12,1.16,54.9,10.36,2.82,1.02,4.68,9.08,0.53,0.39,0.03,7.69,0.03,0.03
JOHN BEECHER,,C,25.2,CGY,35,58.98,9.69,2.49,0.87,51.29,10,2.14,0.84,0.35,9.46,0.09,0.06,7.34,7.99,0.5,0.49
NOAH GREGOR,,R,27.9,FLA,37,58.84,9.98,2.49,1.03,55.97,10.04,2.33,0.87,1.27,9.2,0.32,0.19,1.6,8.89,0.39,0.22
NIKITA NESTERENKO,,L,24.7,ANA,29,58.41,9.86,2.75,1.24,54.02,9.86,2.47,0.99,0.37,9.81,0.14,0.14,4.02,9.84,0.65,0.35
JACOB MELANSON,,R,23.1,SEA,36,57.85,10.29,2.31,0.9,57.78,10.29,2.31,0.9,0.07,10.94,0.04,0.04,0,0,0,0
DAEMON HUNT,,D,24.1,MIN,32,57.46,8.67,3.12,1.28,53.09,8.82,3.05,1.18,0.83,9.62,0.49,0.32,3.54,6.78,0.41,0.25
JAKE CHRISTIANSEN,,D,26.7,CBJ,40,57.32,8.56,2.15,1.15,56.62,8.6,2.15,1.15,0,0,0.02,0.02,0.68,6.28,0.2,0.16
LIAM O'BRIEN,,L,31.8,UTA,38,56.88,9.82,2.06,0.77,56.73,9.81,2.06,0.77,0,0,0.11,0.11,0,0,0,0
CALE FLEURY,,D,27.5,SEA,23,54.69,8.76,3.06,1.36,51.96,8.81,3.01,1.21,0.83,9.05,0.27,0.27,1.9,7.3,0.34,0.2
ALEXANDER HOLTZ,,R,24.4,VGK,28,54.67,10.2,3.09,1.25,52.06,10.16,2.85,1.03,2.45,11.72,0.44,0.29,0.17,7.04,0.17,0.17
ILYA SOLOVYOV,,D,25.9,PIT,30,54.61,8.57,2.88,1.09,53.5,8.6,2.88,1.09,0.18,10.23,0.13,0.13,0.93,7.01,0.18,0.12
MATTHEW KESSEL,,D,25.9,STL,29,54.09,8.93,2.52,1.09,52.74,8.99,2.31,0.99,0.01,9.44,0.01,0.01,1.34,6.87,0.35,0.16
TAYLOR WARD,,R,28.2,L.A,36,53.71,9.45,2.33,0.99,50.86,9.58,2.3,0.99,2.85,7.65,0.36,0.27,0,0,0,0
ADAM EDSTROM,,C,25.6,NYR,35,53.45,9.69,2.15,0.99,52.99,9.67,2.15,0.93,0.08,10.98,0.03,0.03,0.39,11.33,0.19,0.19
NATE DANIELSON,,C,21.7,DET,28,53.43,10.36,2.38,0.95,46.43,10.43,2.21,0.87,6.95,9.96,0.86,0.63,0.04,4.29,0.04,0.04
ZACHARY L'HEUREUX,,L,23.1,NSH,25,52.49,9.41,2.65,1.14,44.58,9.64,2.27,0.94,1.5,8.08,0.36,0.29,6.41,8.33,0.98,0.64
ADAM BOQVIST,,D,25.8,NYI,28,52.47,8.59,2.76,1.1,50.12,8.56,2.53,1.1,1.89,9.31,0.41,0.2,0.46,8.36,0.18,0.12
PAVOL REGENDA,,L,26.5,S.J,24,50.47,9.45,2.82,1.03,44.88,9.57,2.72,1.03,5.03,8.56,0.77,0.37,0.56,9.24,0.19,0.19
JOSH DUNNE,,R,27.5,BUF,34,50.08,9.33,2.15,0.91,49.59,9.36,2.15,0.91,0.13,7.04,0.09,0.09,0.35,6.66,0.12,0.12
TRAVIS HAMONIC,,D,35.8,DET,26,49.83,8,2.42,1.04,45.1,8.2,2.29,1.04,0.16,7.92,0.07,0.07,4.57,6.43,0.42,0.3
JOSHUA MAHURA,,D,28.1,SEA,23,49.46,8.24,2.6,1.02,46.02,8.35,2.45,1.02,0,0,0.21,0.17,3.02,6.57,0.37,0.18
ISAAC HOWARD,,L,22.2,EDM,29,49.25,9.88,2.31,1.02,47.1,9.92,2.3,0.91,2.15,9.09,0.28,0.25,0,0,0,0
JANI NYMAN,,L,21.8,SEA,28,49.16,9.97,2.37,1.05,46.46,10.2,2.36,0.89,2.59,6.88,0.48,0.37,0.11,0,0.11,0.11
NATHAN BASTIAN,,R,28.5,DAL,36,48.84,9.42,2.13,0.9,48.76,9.42,2.13,0.9,0.08,9.14,0.03,0.03,0,0,0,0
COLE SCHWINDT,,C,25.1,FLA,29,48.71,10.04,2.62,1.3,44.31,10.17,2.45,0.97,1.15,10.47,0.6,0.55,3.24,8.47,0.57,0.23
RYAN GRAVES,,D,31.0,PIT,22,48.41,8.63,2.82,0.99,47.03,8.68,2.66,0.96,0.02,10.44,0.02,0.02,1.36,7.09,0.35,0.14
DECLAN CHISHOLM,,D,26.4,WSH,26,47.6,8,2.42,0.99,45.36,7.97,2.39,0.91,1.41,10.39,0.47,0.38,0.83,6.99,0.14,0.14
VICTOR MANCINI,,D,24.0,VAN,24,47.02,8.56,2.57,1.16,45.69,8.58,2.41,1.04,0.44,11.3,0.16,0.16,0.89,6.83,0.15,0.15
CURTIS DOUGLAS,,L,26.2,VAN,43,46.79,9.67,1.99,0.79,46.68,9.68,1.99,0.79,0,0,0,0,0.11,10.1,0.07,0.07
RUTGER MCGROARTY,,L,22.2,PIT,24,46.55,9.73,2.52,0.97,45.23,9.79,2.52,0.97,0.65,9.76,0.19,0.19,0.67,6.71,0.23,0.15
JACK ST. IVANY,,D,26.9,PIT,20,46.5,8.54,3.05,1.27,43.48,8.69,2.93,1.27,0,0,0.18,0.18,2.82,6.47,0.65,0.41
BRAD LAMBERT,,R,22.5,WPG,25,46.37,10.3,2.38,1.13,40.87,10.4,2.31,0.96,5.5,9.6,0.54,0.37,0,0,0,0
JARED WRIGHT,,R,23.5,L.A,23,45.87,10.47,2.43,1.14,45.68,10.46,2.43,1.14,0,0,0,0,0,0,0.1,0.1
TOMAS NOSEK,,C,33.8,FLA,21,45.33,9.18,2.55,1,39.18,9.43,2.43,0.88,0.07,8.38,0.03,0.02,6.08,7.83,0.69,0.41
BRENDAN GAUNCE,,C,32.2,CBJ,25,44.79,9.03,2.39,1.19,38.87,9.18,2.08,1.05,0,0,0.23,0.17,5.65,8.05,0.57,0.32
SONNY MILANO,,R,30.1,WSH,31,44.37,9.67,2.61,1.23,38.78,9.58,2.6,1.22,5.59,10.33,0.7,0.52,0,0,0,0
EVGENII DADONOV,,L,37.2,N.J,24,43.67,10.25,2.56,1.07,41.13,10.3,2.56,0.96,2.54,9.47,0.61,0.33,0,3.52,0,0
NICOLAS DESLAURIERS,,L,35.3,CAR,31,43.26,9.8,2.11,0.97,43.05,9.81,2.11,0.89,0,4.8,0,0,0.2,7.87,0.16,0.16
DAVID JIRICEK,,D,22.5,PHI,26,42.92,8.24,2.69,1.04,41.64,8.34,2.69,1.04,0.33,7.42,0.32,0.2,0.96,5.63,0.15,0.12
TYLER PITLICK,,C,34.6,MIN,32,42.72,10.31,2.4,1.12,42.53,10.31,2.25,0.97,0.15,9.68,0.15,0.15,0.05,7.57,0.05,0.05
ZACHARY ASTON-REESE,,L,31.8,CBJ,27,42.23,9.64,2.22,1.04,39.94,9.76,2.22,1.04,0.13,8.07,0.13,0.13,2.16,7.92,0.51,0.3
SAM LAFFERTY,,C,31.2,CHI,29,41.88,10.08,2,0.83,41.83,10.08,2,0.83,0.06,9.22,0.04,0.04,0,0,0,0
JOSH SAMANSKI,,C,24.2,EDM,24,41.54,9.84,2.57,0.98,39.86,9.89,2.38,0.91,0.07,7.49,0.07,0.07,1.61,8.68,0.34,0.3
JAROSLAV CHMELAR,,R,22.9,NYR,28,41.51,9.72,2.27,1.05,41.2,9.73,2.2,1.02,0.31,9.1,0.19,0.19,0.01,6.02,0.01,0.01
ARSHDEEP BAINS,,L,25.4,VAN,28,41.31,9.62,2.41,0.87,39.3,9.61,2.14,0.87,1.36,10.88,0.35,0.21,0.65,8.12,0.33,0.2
COLTON WHITE,,D,29.1,N.J,23,41.13,8.76,2.11,0.92,40.88,8.77,2.1,0.92,0,0,0,0,0.26,6.87,0.17,0.08
STEPHEN HALLIDAY,,C,23.9,OTT,30,40.76,9.58,2.39,0.95,32.71,9.94,2.22,0.76,8.05,8.36,0.69,0.39,0,0.95,0,0
ROBBY FABBRI,,L,30.4,MIN,21,40.49,9.8,2.47,1.04,39.46,9.86,2.29,1.04,0.61,7.81,0.32,0.2,0.42,8.21,0.13,0.13
JACOB QUILLAN,,C,24.3,TOR,23,39.55,10.05,2.7,1.09,34.61,10.27,2.45,1.02,0.09,10.81,0.08,0.08,4.86,8.67,0.73,0.4
JUHO LAMMIKKO,,L,30.3,,24,38.77,9.81,2.25,0.9,38.5,9.82,2.22,0.9,0.1,8.78,0.06,0.04,0.17,9.69,0.08,0.08
BEN JONES,,C,27.3,MIN,28,38.44,9.33,2.01,0.99,37.33,9.4,1.86,0.82,0.2,6.73,0.17,0.17,0.92,7.5,0.21,0.15
ARTTU HYRY,,C,25.2,DAL,20,38.08,9.7,2.51,0.99,31.67,9.84,2.04,0.88,0,0,0.05,0.05,6.23,9.01,0.53,0.49
MARTIN POSPISIL,,R,26.5,CGY,22,36.77,9.88,2.29,1.29,36.15,9.86,2.19,1.2,0,0,0.09,0.09,0.34,9.01,0.16,0.16
DAVID TOMASEK,,C,30.3,,22,35.97,9.12,2.51,1.05,31.01,9.46,2.44,1.05,4.97,7.54,0.79,0.5,0,0,0,0
MATT REMPE,,R,23.9,NYR,26,35.68,9.56,2.14,0.78,34.7,9.65,2.03,0.78,0.96,7.19,0.2,0.15,0.02,8.87,0.02,0.02
SCOTT SABOURIN,,R,33.8,T.B,26,34.68,10.06,1.97,0.85,34.66,10.06,1.97,0.85,0.02,11.29,0.02,0.02,0,0,0,0
JUSTIN KIRKLAND,,C,29.8,CGY,20,32.52,9.93,2.09,0.8,27.77,10.2,2.05,0.79,0.11,11.55,0.05,0.05,4.65,8.59,0.61,0.36
SAMMY BLAIS,,L,30.0,MTL,21,30.28,10.27,1.9,0.82,29.96,10.22,1.9,0.82,0,0,0.16,0.16,0,0,0,0
MAX JONES,,L,28.3,EDM,21,29.14,9.98,1.9,0.87,29.12,9.99,1.9,0.87,0.02,3.65,0.02,0.02,0,0,0,0
JUUSO PARSSINEN,,C,25.3,NYR,20,28.74,9.75,2.17,0.77,28.58,9.75,2.17,0.77,0.01,9.62,0.01,0.01,0.15,10.05,0.09,0.09
